
    <java-class-file name="D:\Experiments\Analisi di Sopravvivenza\Progetto16715\ProgettiDaAnalizzare\jhotdraw\JHotDraw 7.4.1\JHotDraw 7.4.1\Source\jhotdraw7\src\main\java\org\jhotdraw\app\action\AbstractApplicationAction.java">
        <package-decl name="org.jhotdraw.app.action"/>
        <class name="AbstractApplicationAction" visibility="public" abstract="true">
            <constructor visibility="public" name="AbstractApplicationAction">
            </constructor>
            <method name="installApplicationListeners" visibility="protected">
            </method>
            <method name="uninstallApplicationListeners" visibility="protected">
            </method>
            <method name="createApplicationListener" visibility="private">
                                <method name="propertyChange" visibility="public">
                                </method>
            </method>
            <method name="getApplication" visibility="public">
            </method>
            <method name="updateApplicationEnabled" visibility="protected">
            </method>
            <method name="isEnabled" visibility="public">
            </method>
            <method name="setEnabled" visibility="public">
            </method>
            <method name="dispose" visibility="public" final="true">
            </method>
        </class>
    </java-class-file>