
    <java-class-file name="D:\Experiments\Analisi di Sopravvivenza\Progetto16715\ProgettiDaAnalizzare\jhotdraw\JHotDraw 7.4.1\JHotDraw 7.4.1\Source\jhotdraw7\src\main\java\org\jhotdraw\app\action\AbstractSaveUnsavedChangesAction.java">
        <package-decl name="org.jhotdraw.app.action"/>
        <class name="AbstractSaveUnsavedChangesAction" visibility="public" abstract="true">
            <constructor visibility="public" name="AbstractSaveUnsavedChangesAction">
            </constructor>
            <method name="actionPerformed" visibility="public">
                                                            <method name="optionSelected" visibility="public">
                                                            </method>
            </method>
            <method name="getChooser" visibility="protected">
            </method>
            <method name="saveView" visibility="protected">
                                                <method name="optionSelected" visibility="public">
                                                </method>
            </method>
            <method name="saveViewToURI" visibility="protected">
                                    <method name="construct" visibility="protected">
                                    </method>
                                    <method name="done" visibility="protected">
                                    </method>
                                    <method name="failed" visibility="protected">
                                    </method>
                                    <method name="finished" visibility="protected">
                                    </method>
            </method>
            <method name="doIt" visibility="protected" abstract="true">
            </method>
        </class>
    </java-class-file>