
    <java-class-file name="D:\Experiments\Analisi di Sopravvivenza\Progetto16715\ProgettiDaAnalizzare\jhotdraw\JHotDraw 7.4.1\JHotDraw 7.4.1\Source\jhotdraw7\src\main\java\org\jhotdraw\app\action\AbstractSelectionAction.java">
        <package-decl name="org.jhotdraw.app.action"/>
        <class name="AbstractSelectionAction" visibility="public" abstract="true">
            <constructor visibility="public" name="AbstractSelectionAction">
                                        <method name="propertyChange" visibility="public">
                                        </method>
            </constructor>
            <method name="updateEnabled" visibility="protected">
            </method>
        </class>
    </java-class-file>