
    <java-class-file name="D:\Experiments\Analisi di Sopravvivenza\Progetto16715\ProgettiDaAnalizzare\jhotdraw\JHotDraw 7.4.1\JHotDraw 7.4.1\Source\jhotdraw7\src\main\java\org\jhotdraw\app\action\AbstractViewAction.java">
        <package-decl name="org.jhotdraw.app.action"/>
        <class name="AbstractViewAction" visibility="public" abstract="true">
                        <method name="propertyChange" visibility="public">
                        </method>
                        <method name="propertyChange" visibility="public">
                        </method>
            <constructor visibility="public" name="AbstractViewAction">
            </constructor>
            <method name="updateView" visibility="protected">
            </method>
            <method name="setPropertyName" visibility="protected">
            </method>
            <method name="getPropertyName" visibility="protected">
            </method>
            <method name="updateView" visibility="protected">
            </method>
            <method name="installViewListeners" visibility="protected">
            </method>
            <method name="uninstallViewListeners" visibility="protected">
            </method>
            <method name="updateEnabled" visibility="protected">
            </method>
            <method name="getApplication" visibility="public">
            </method>
            <method name="getActiveView" visibility="public">
            </method>
            <method name="isEnabled" visibility="public">
            </method>
            <method name="setEnabled" visibility="public">
            </method>
        </class>
    </java-class-file>