
    <java-class-file name="D:\Experiments\Analisi di Sopravvivenza\Progetto16715\ProgettiDaAnalizzare\jhotdraw\JHotDraw 7.4.1\JHotDraw 7.4.1\Source\jhotdraw7\src\main\java\org\jhotdraw\app\action\ActionUtil.java">
        <package-decl name="org.jhotdraw.app.action"/>
        <class name="ActionUtil" visibility="public">
            <constructor visibility="private" name="ActionUtil">
            </constructor>
            <method name="configureJCheckBoxMenuItem" visibility="public" static="true">
                                <method name="propertyChange" visibility="public">
                                </method>
            </method>
            <method name="unconfigureJCheckBoxMenuItem" visibility="public" static="true">
            </method>
        </class>
    </java-class-file>