
    <java-class-file name="D:\Experiments\Analisi di Sopravvivenza\Progetto16715\ProgettiDaAnalizzare\jhotdraw\JHotDraw 7.4.1\JHotDraw 7.4.1\Source\jhotdraw7\src\main\java\org\jhotdraw\draw\decoration\AbstractLineDecoration.java">
        <package-decl name="org.jhotdraw.draw.decoration"/>
        <class name="AbstractLineDecoration" visibility="public" abstract="true">
            <constructor visibility="public" name="AbstractLineDecoration">
            </constructor>
            <method name="isFilled" visibility="protected">
            </method>
            <method name="isStroked" visibility="protected">
            </method>
            <method name="isSolid" visibility="protected">
            </method>
            <method name="draw" visibility="public">
            </method>
            <method name="getDrawingArea" visibility="public">
            </method>
            <method name="getDecorationRadius" visibility="public">
            </method>
            <method name="getTransformedDecoratorPath" visibility="private">
            </method>
            <method name="setFilled" visibility="protected">
            </method>
            <method name="setStroked" visibility="protected">
            </method>
            <method name="setSolid" visibility="protected">
            </method>
            <method name="getDecoratorPath" visibility="protected" abstract="true">
            </method>
            <method name="getDecoratorPathRadius" visibility="protected" abstract="true">
            </method>
        </class>
    </java-class-file>