
    <java-class-file name="D:\Experiments\Analisi di Sopravvivenza\Progetto16715\ProgettiDaAnalizzare\jhotdraw\JHotDraw 7.4.1\JHotDraw 7.4.1\Source\jhotdraw7\src\main\java\org\jhotdraw\draw\decoration\CompositeLineDecoration.java">
        <package-decl name="org.jhotdraw.draw.decoration"/>
        <class name="CompositeLineDecoration" visibility="public">
            <constructor visibility="public" name="CompositeLineDecoration">
            </constructor>
            <constructor visibility="public" name="CompositeLineDecoration">
            </constructor>
            <method name="addDecoration" visibility="public">
            </method>
            <method name="draw" visibility="public">
            </method>
            <method name="getDrawingArea" visibility="public">
            </method>
            <method name="getDecorationRadius" visibility="public">
            </method>
            <method name="read" visibility="public">
            </method>
            <method name="write" visibility="public">
            </method>
        </class>
    </java-class-file>