
    <java-class-file name="D:\Experiments\Analisi di Sopravvivenza\Progetto16715\ProgettiDaAnalizzare\jhotdraw\JHotDraw 7.4.1\JHotDraw 7.4.1\Source\jhotdraw7\src\main\java\org\jhotdraw\draw\decoration\PerpendicularBar.java">
        <package-decl name="org.jhotdraw.draw.decoration"/>
        <class name="PerpendicularBar" visibility="public">
            <constructor visibility="public" name="PerpendicularBar">
            </constructor>
            <constructor visibility="public" name="PerpendicularBar">
            </constructor>
            <method name="getDecoratorPath" visibility="protected">
            </method>
            <method name="getDecoratorPathRadius" visibility="protected">
            </method>
            <method name="read" visibility="public">
            </method>
            <method name="write" visibility="public">
            </method>
        </class>
    </java-class-file>