
    <java-class-file name="D:\Experiments\Analisi di Sopravvivenza\Progetto16715\ProgettiDaAnalizzare\jhotdraw\JHotDraw 7.4.1\JHotDraw 7.4.1\Source\jhotdraw7\src\main\java\org\jhotdraw\color\AbstractHarmonicRule.java">
        <package-decl name="org.jhotdraw.color"/>
        <class name="AbstractHarmonicRule" visibility="public" abstract="true">
            <method name="setBaseIndex" visibility="public">
            </method>
            <method name="getBaseIndex" visibility="public">
            </method>
            <method name="setDerivedIndices" visibility="public">
            </method>
            <method name="getDerivedIndices" visibility="public">
            </method>
        </class>
    </java-class-file>