
    <java-class-file name="D:\Experiments\Analisi di Sopravvivenza\Progetto16715\ProgettiDaAnalizzare\jhotdraw\JHotDraw 7.4.1\JHotDraw 7.4.1\Source\jhotdraw7\src\main\java\org\jhotdraw\color\AbstractColorSlidersModel.java">
        <package-decl name="org.jhotdraw.color"/>
        <class name="AbstractColorSlidersModel" visibility="public" abstract="true">
            <method name="addChangeListener" visibility="public">
            </method>
            <method name="removeChangeListener" visibility="public">
            </method>
            <method name="fireStateChanged" visibility="public">
            </method>
        </class>
    </java-class-file>