
    <java-class-file name="D:\Experiments\Analisi di Sopravvivenza\Progetto16715\ProgettiDaAnalizzare\jhotdraw\JHotDraw 7.4.1\JHotDraw 7.4.1\Source\jhotdraw7\src\main\java\org\jhotdraw\color\CMYKICCColorSystem.java">
        <package-decl name="org.jhotdraw.color"/>
        <class name="CMYKICCColorSystem" visibility="public">
            <constructor visibility="public" name="CMYKICCColorSystem">
            </constructor>
            <constructor visibility="public" name="CMYKICCColorSystem">
            </constructor>
            <method name="read" visibility="public">
            </method>
            <method name="toComponents" visibility="public">
            </method>
            <method name="toRGB" visibility="public">
            </method>
            <method name="getComponentCount" visibility="public">
            </method>
        </class>
    </java-class-file>