
    <java-class-file name="D:\Experiments\Analisi di Sopravvivenza\Progetto16715\ProgettiDaAnalizzare\jhotdraw\JHotDraw 7.4.1\JHotDraw 7.4.1\Source\jhotdraw7\src\main\java\org\jhotdraw\color\ColorTrackImageProducer.java">
        <package-decl name="org.jhotdraw.color"/>
        <class name="ColorTrackImageProducer" visibility="public">
            <constructor visibility="public" name="ColorTrackImageProducer">
            </constructor>
            <method name="getWidth" visibility="public">
            </method>
            <method name="getHeight" visibility="public">
            </method>
            <method name="markAsDirty" visibility="public">
            </method>
            <method name="needsGeneration" visibility="public">
            </method>
            <method name="regenerateColorTrack" visibility="public">
            </method>
            <method name="generateColorTrack" visibility="public">
            </method>
            <method name="generateHorizontalColorTrack" visibility="private">
            </method>
            <method name="generateVerticalColorTrack" visibility="private">
            </method>
            <method name="setBaseComponents" visibility="public">
            </method>
            <method name="setColorSliderModel" visibility="public">
            </method>
            <method name="setColorComponentIndex" visibility="public">
            </method>
            <method name="componentChanged" visibility="public">
            </method>
        </class>
    </java-class-file>