
    <java-class-file name="D:\Experiments\Analisi di Sopravvivenza\Progetto16715\ProgettiDaAnalizzare\jhotdraw\JHotDraw 7.4.1\JHotDraw 7.4.1\Source\jhotdraw7\src\main\java\org\jhotdraw\color\ColorListCellRenderer.java">
        <package-decl name="org.jhotdraw.color"/>
        <class name="ColorListCellRenderer" visibility="public">
            <class name="ColorIcon" visibility="private" static="true">
                <method name="setColor" visibility="public">
                </method>
                <method name="paintIcon" visibility="public">
                </method>
                <method name="getIconWidth" visibility="public">
                </method>
                <method name="getIconHeight" visibility="public">
                </method>
            </class>
            <constructor visibility="public" name="ColorListCellRenderer">
            </constructor>
            <method name="getListCellRendererComponent" visibility="public">
            </method>
        </class>
    </java-class-file>