
    <java-class-file name="D:\Experiments\Analisi di Sopravvivenza\Progetto16715\ProgettiDaAnalizzare\jhotdraw\JHotDraw 7.4.1\JHotDraw 7.4.1\Source\jhotdraw7\src\main\java\org\jhotdraw\color\ColorSliderModel.java">
        <package-decl name="org.jhotdraw.color"/>
            <method name="getColorSystem" visibility="public">
            </method>
            <method name="setColorSystem" visibility="public">
            </method>
            <method name="getComponentCount" visibility="public">
            </method>
            <method name="getBoundedRangeModel" visibility="public">
            </method>
            <method name="getCompositeColor" visibility="public">
            </method>
            <method name="setCompositeColor" visibility="public">
            </method>
            <method name="getInterpolatedRGB" visibility="public">
            </method>
            <method name="setComponentValue" visibility="public">
            </method>
            <method name="getComponentValue" visibility="public">
            </method>
            <method name="addChangeListener" visibility="public">
            </method>
            <method name="removeChangeListener" visibility="public">
            </method>
            <method name="configureSlider" visibility="public">
            </method>
            <method name="unconfigureSlider" visibility="public">
            </method>
            <method name="getColor" visibility="public">
            </method>
            <method name="setColor" visibility="public">
            </method>
    </java-class-file>