
    <java-class-file name="D:\Experiments\Analisi di Sopravvivenza\Progetto16715\ProgettiDaAnalizzare\jhotdraw\JHotDraw 7.4.1\JHotDraw 7.4.1\Source\jhotdraw7\src\main\java\org\jhotdraw\color\ColorWheelImageProducer.java">
        <package-decl name="org.jhotdraw.color"/>
        <class name="ColorWheelImageProducer" visibility="public">
            <constructor visibility="public" name="ColorWheelImageProducer">
            </constructor>
            <method name="getRadius" visibility="public">
            </method>
            <method name="setRadialComponentIndex" visibility="public">
            </method>
            <method name="setAngularComponentIndex" visibility="public">
            </method>
            <method name="setVerticalComponentIndex" visibility="public">
            </method>
            <method name="generateLookupTables" visibility="protected">
            </method>
            <method name="setVerticalValue" visibility="public">
            </method>
            <method name="needsGeneration" visibility="public">
            </method>
            <method name="regenerateColorWheel" visibility="public">
            </method>
            <method name="generateColorWheel" visibility="public">
            </method>
            <method name="getColorLocation" visibility="protected">
            </method>
            <method name="getColorLocation" visibility="protected">
            </method>
            <method name="getColorLocation" visibility="protected">
            </method>
            <method name="getColorLocation" visibility="protected">
            </method>
            <method name="getColorAt" visibility="protected">
            </method>
        </class>
    </java-class-file>