
    <java-class-file name="D:\Experiments\Analisi di Sopravvivenza\Progetto16715\ProgettiDaAnalizzare\jhotdraw\JHotDraw 7.4.1\JHotDraw 7.4.1\Source\jhotdraw7\src\main\java\org\jhotdraw\color\ColorWheelChooser.java">
        <package-decl name="org.jhotdraw.color"/>
        <class name="ColorWheelChooser" visibility="public">
            <constructor visibility="public" name="ColorWheelChooser">
                                <method name="stateChanged" visibility="public">
                                </method>
            </constructor>
            <method name="initComponents" visibility="private">
            </method>
            <method name="buildChooser" visibility="protected">
            </method>
            <method name="getDisplayName" visibility="public">
            </method>
            <method name="getLargeDisplayIcon" visibility="public">
            </method>
            <method name="getSmallDisplayIcon" visibility="public">
            </method>
            <method name="updateChooser" visibility="public">
            </method>
            <method name="setColorToModel" visibility="public">
            </method>
        </class>
    </java-class-file>