
    <java-class-file name="D:\Experiments\Analisi di Sopravvivenza\Progetto16715\ProgettiDaAnalizzare\jhotdraw\JHotDraw 7.4.1\JHotDraw 7.4.1\Source\jhotdraw7\src\main\java\org\jhotdraw\color\ColorSliderUI.java">
        <package-decl name="org.jhotdraw.color"/>
        <class name="ColorSliderUI" visibility="public">
            <constructor visibility="public" name="ColorSliderUI">
            </constructor>
            <method name="createUI" visibility="public" static="true">
            </method>
            <method name="installDefaults" visibility="protected">
            </method>
            <method name="getThumbSize" visibility="protected">
            </method>
            <method name="getPreferredHorizontalSize" visibility="public">
            </method>
            <method name="getPreferredVerticalSize" visibility="public">
            </method>
            <method name="getMinimumHorizontalSize" visibility="public">
            </method>
            <method name="getMinimumVerticalSize" visibility="public">
            </method>
            <method name="calculateThumbLocation" visibility="protected">
            </method>
            <method name="getThumbIcon" visibility="protected">
            </method>
            <method name="paintThumb" visibility="public">
            </method>
            <method name="paintTrack" visibility="public">
            </method>
            <method name="paintTicks" visibility="public">
            </method>
            <method name="paintMajorTickForHorizSlider" visibility="protected">
            </method>
            <method name="paintMinorTickForHorizSlider" visibility="protected">
            </method>
            <method name="paintMinorTickForVertSlider" visibility="protected">
            </method>
            <method name="paintMajorTickForVertSlider" visibility="protected">
            </method>
            <method name="paintFocus" visibility="public">
            </method>
            <method name="paintColorTrack" visibility="public">
            </method>
            <method name="calculateTrackRect" visibility="protected">
            </method>
            <method name="calculateTickRect" visibility="protected">
            </method>
            <method name="getTickLength" visibility="protected">
            </method>
            <method name="createPropertyChangeListener" visibility="protected">
            </method>
            <class name="CSUIPropertyChangeHandler" visibility="public">
                <method name="propertyChange" visibility="public">
                </method>
            </class>
            <method name="createTrackListener" visibility="protected">
            </method>
            <class name="QuaquaTrackListener" visibility="public">
                <method name="mousePressed" visibility="public">
                </method>
            </class>
        </class>
    </java-class-file>