
    <java-class-file name="D:\Experiments\Analisi di Sopravvivenza\Progetto16715\ProgettiDaAnalizzare\jhotdraw\JHotDraw 7.4.1\JHotDraw 7.4.1\Source\jhotdraw7\src\main\java\org\jhotdraw\color\CompositeColor.java">
        <package-decl name="org.jhotdraw.color"/>
        <class name="CompositeColor" visibility="public">
            <constructor visibility="public" name="CompositeColor">
            </constructor>
            <constructor visibility="public" name="CompositeColor">
            </constructor>
            <method name="getComponents" visibility="public">
            </method>
            <method name="getComponent" visibility="public">
            </method>
            <method name="getComponents" visibility="public">
            </method>
            <method name="getColor" visibility="public">
            </method>
            <method name="getSystem" visibility="public">
            </method>
            <method name="toString" visibility="public">
            </method>
            <method name="clone" visibility="public">
            </method>
        </class>
    </java-class-file>