
    <java-class-file name="D:\Experiments\Analisi di Sopravvivenza\Progetto16715\ProgettiDaAnalizzare\jhotdraw\JHotDraw 7.4.1\JHotDraw 7.4.1\Source\jhotdraw7\src\main\java\org\jhotdraw\color\DefaultColorSliderModel.java">
        <package-decl name="org.jhotdraw.color"/>
        <class name="DefaultColorSliderModel" visibility="public">
            <constructor visibility="public" name="DefaultColorSliderModel">
            </constructor>
            <constructor visibility="public" name="DefaultColorSliderModel">
            </constructor>
            <method name="setColorSystem" visibility="public">
                                            <method name="stateChanged" visibility="public">
                                            </method>
            </method>
            <method name="configureSlider" visibility="public">
            </method>
            <method name="unconfigureSlider" visibility="public">
            </method>
            <method name="getBoundedRangeModel" visibility="public">
            </method>
            <method name="getSliderValue" visibility="public">
            </method>
            <method name="setSliderValue" visibility="public">
            </method>
            <method name="addColorSlider" visibility="protected">
            </method>
            <method name="removeColorSlider" visibility="protected">
            </method>
            <method name="fireColorChanged" visibility="protected">
            </method>
            <method name="getColorSystem" visibility="public">
            </method>
            <method name="getComponentCount" visibility="public">
            </method>
            <method name="getCompositeColor" visibility="public">
            </method>
            <method name="getInterpolatedRGB" visibility="public">
            </method>
            <method name="setComponentValue" visibility="public">
            </method>
            <method name="getComponentValue" visibility="public">
            </method>
            <method name="setCompositeColor" visibility="public">
            </method>
            <method name="getColor" visibility="public">
            </method>
            <method name="setColor" visibility="public">
            </method>
        </class>
    </java-class-file>