
    <java-class-file name="D:\Experiments\Analisi di Sopravvivenza\Progetto16715\ProgettiDaAnalizzare\jhotdraw\JHotDraw 7.4.1\JHotDraw 7.4.1\Source\jhotdraw7\src\main\java\org\jhotdraw\color\DefaultHarmonicColorModel.java">
        <package-decl name="org.jhotdraw.color"/>
        <class name="DefaultHarmonicColorModel" visibility="public">
            <constructor visibility="public" name="DefaultHarmonicColorModel">
            </constructor>
            <method name="setSize" visibility="public">
            </method>
            <method name="size" visibility="public">
            </method>
            <method name="isAdjusting" visibility="public">
            </method>
            <method name="set" visibility="public">
            </method>
            <method name="applyRules" visibility="public">
            </method>
            <method name="get" visibility="public">
            </method>
            <method name="add" visibility="public">
            </method>
            <method name="setBase" visibility="public">
            </method>
            <method name="getBase" visibility="public">
            </method>
            <method name="RGBtoComponent" visibility="public">
            </method>
            <method name="componentToRGB" visibility="public">
            </method>
            <method name="getSize" visibility="public">
            </method>
            <method name="getElementAt" visibility="public">
            </method>
            <method name="getColorSystem" visibility="public">
            </method>
            <method name="addRule" visibility="public">
            </method>
            <method name="removeAllRules" visibility="public">
            </method>
            <method name="addPropertyChangeListener" visibility="public">
            </method>
            <method name="addPropertyChangeListener" visibility="public">
            </method>
            <method name="removePropertyChangeListener" visibility="public">
            </method>
            <method name="removePropertyChangeListener" visibility="public">
            </method>
            <method name="firePropertyChange" visibility="protected">
            </method>
            <method name="firePropertyChange" visibility="protected">
            </method>
            <method name="firePropertyChange" visibility="protected">
            </method>
            <method name="clone" visibility="public">
            </method>
            <method name="setColorSystem" visibility="public">
            </method>
        </class>
    </java-class-file>