
    <java-class-file name="D:\Experiments\Analisi di Sopravvivenza\Progetto16715\ProgettiDaAnalizzare\jhotdraw\JHotDraw 7.4.1\JHotDraw 7.4.1\Source\jhotdraw7\src\main\java\org\jhotdraw\color\HarmonicColorModel.java">
        <package-decl name="org.jhotdraw.color"/>
            <method name="setBase" visibility="public">
            </method>
            <method name="getBase" visibility="public">
            </method>
            <method name="addRule" visibility="public">
            </method>
            <method name="removeAllRules" visibility="public">
            </method>
            <method name="applyRules" visibility="public">
            </method>
            <method name="getColorSystem" visibility="public">
            </method>
            <method name="setColorSystem" visibility="public">
            </method>
            <method name="setSize" visibility="public">
            </method>
            <method name="size" visibility="public">
            </method>
            <method name="isAdjusting" visibility="public">
            </method>
            <method name="add" visibility="public">
            </method>
            <method name="set" visibility="public">
            </method>
            <method name="get" visibility="public">
            </method>
            <method name="RGBtoComponent" visibility="public">
            </method>
            <method name="componentToRGB" visibility="public">
            </method>
            <method name="addPropertyChangeListener" visibility="public">
            </method>
            <method name="removePropertyChangeListener" visibility="public">
            </method>
    </java-class-file>