
    <java-class-file name="D:\Experiments\Analisi di Sopravvivenza\Progetto16715\ProgettiDaAnalizzare\jhotdraw\JHotDraw 7.4.1\JHotDraw 7.4.1\Source\jhotdraw7\src\main\java\org\jhotdraw\color\HarmonicRule.java">
        <package-decl name="org.jhotdraw.color"/>
            <method name="setBaseIndex" visibility="public">
            </method>
            <method name="getBaseIndex" visibility="public">
            </method>
            <method name="setDerivedIndices" visibility="public">
            </method>
            <method name="getDerivedIndices" visibility="public">
            </method>
            <method name="apply" visibility="public">
            </method>
            <method name="colorChanged" visibility="public">
            </method>
    </java-class-file>