
    <java-class-file name="D:\Experiments\Analisi di Sopravvivenza\Progetto16715\ProgettiDaAnalizzare\jhotdraw\JHotDraw 7.4.1\JHotDraw 7.4.1\Source\jhotdraw7\src\main\java\org\jhotdraw\color\HSLRGBColorSystem.java">
        <package-decl name="org.jhotdraw.color"/>
        <class name="HSLRGBColorSystem" visibility="public">
            <constructor visibility="public" name="HSLRGBColorSystem">
            </constructor>
            <method name="toRGB" visibility="public">
            </method>
            <method name="toComponents" visibility="public">
            </method>
            <method name="getComponentCount" visibility="public">
            </method>
        </class>
    </java-class-file>