
    <java-class-file name="D:\Experiments\Analisi di Sopravvivenza\Progetto16715\ProgettiDaAnalizzare\jhotdraw\JHotDraw 7.4.1\JHotDraw 7.4.1\Source\jhotdraw7\src\main\java\org\jhotdraw\color\HSVHarmonicColorWheelImageProducer.java">
        <package-decl name="org.jhotdraw.color"/>
        <class name="HSVHarmonicColorWheelImageProducer" visibility="public">
            <constructor visibility="public" name="HSVHarmonicColorWheelImageProducer">
            </constructor>
            <method name="generateLookupTables" visibility="protected">
            </method>
            <method name="generateContiguousLookupTables" visibility="protected">
            </method>
            <method name="generateDiscreteLookupTables" visibility="protected">
            </method>
            <method name="generateColorWheel" visibility="public">
            </method>
            <method name="getColorLocation" visibility="protected">
            </method>
            <method name="getColorLocation" visibility="protected">
            </method>
            <method name="getColorAt" visibility="protected">
            </method>
        </class>
    </java-class-file>