
    <java-class-file name="D:\Experiments\Analisi di Sopravvivenza\Progetto16715\ProgettiDaAnalizzare\jhotdraw\JHotDraw 7.4.1\JHotDraw 7.4.1\Source\jhotdraw7\src\main\java\org\jhotdraw\color\JColorWheel.java">
        <package-decl name="org.jhotdraw.color"/>
        <class name="JColorWheel" visibility="public">
            <class name="MouseHandler" visibility="private">
                <method name="mouseDragged" visibility="public">
                </method>
                <method name="mousePressed" visibility="public">
                </method>
                <method name="mouseReleased" visibility="public">
                </method>
                <method name="update" visibility="private">
                </method>
                <method name="mouseMoved" visibility="public">
                </method>
            </class>
            <class name="ModelHandler" visibility="private">
                <method name="stateChanged" visibility="public">
                </method>
            </class>
            <constructor visibility="public" name="JColorWheel">
            </constructor>
            <constructor visibility="public" name="JColorWheel">
            </constructor>
            <method name="installMouseListeners" visibility="protected">
            </method>
            <method name="setModel" visibility="public">
            </method>
            <method name="setRadialComponentIndex" visibility="public">
            </method>
            <method name="setAngularComponentIndex" visibility="public">
            </method>
            <method name="setVerticalComponentIndex" visibility="public">
            </method>
            <method name="setWheelInsets" visibility="public">
            </method>
            <method name="getWheelInsets" visibility="public">
            </method>
            <method name="getPreferredSize" visibility="public">
            </method>
            <method name="getModel" visibility="public">
            </method>
            <method name="paintComponent" visibility="public">
            </method>
            <method name="createWheelProducer" visibility="protected">
            </method>
            <method name="paintWheel" visibility="protected">
            </method>
            <method name="paintThumb" visibility="protected">
            </method>
            <method name="getCenter" visibility="protected">
            </method>
            <method name="getRadius" visibility="protected">
            </method>
            <method name="getThumbLocation" visibility="protected">
            </method>
            <method name="getColorLocation" visibility="protected">
            </method>
            <method name="getColorLocation" visibility="protected">
            </method>
            <method name="getColorAt" visibility="protected">
            </method>
            <method name="initComponents" visibility="private">
            </method>
        </class>
    </java-class-file>