
    <java-class-file name="D:\Experiments\Analisi di Sopravvivenza\Progetto16715\ProgettiDaAnalizzare\jhotdraw\JHotDraw 7.4.1\JHotDraw 7.4.1\Source\jhotdraw7\src\main\java\org\jhotdraw\color\JHarmonicColorWheel.java">
        <package-decl name="org.jhotdraw.color"/>
        <class name="JHarmonicColorWheel" visibility="public">
            <class name="MouseHandler" visibility="private">
                <method name="mouseClicked" visibility="public">
                </method>
                <method name="mouseDragged" visibility="public">
                </method>
                <method name="mouseEntered" visibility="public">
                </method>
                <method name="mouseExited" visibility="public">
                </method>
                <method name="mouseMoved" visibility="public">
                </method>
                <method name="mousePressed" visibility="public">
                </method>
                <method name="mouseReleased" visibility="public">
                </method>
                <method name="update" visibility="private">
                </method>
            </class>
            <class name="ModelHandler" visibility="private">
                <method name="propertyChange" visibility="public">
                </method>
                <method name="intervalAdded" visibility="public">
                </method>
                <method name="intervalRemoved" visibility="public">
                </method>
                <method name="contentsChanged" visibility="public">
                </method>
            </class>
            <constructor visibility="public" name="JHarmonicColorWheel">
            </constructor>
            <method name="setColorSystem" visibility="public">
            </method>
            <method name="getHarmonicColorModel" visibility="public">
            </method>
            <method name="getToolTipText" visibility="public">
            </method>
            <method name="installMouseListeners" visibility="protected">
            </method>
            <method name="setHarmonicColorModel" visibility="public">
            </method>
            <method name="paintComponent" visibility="public">
            </method>
            <method name="paintThumb" visibility="protected">
            </method>
            <method name="paintTicks" visibility="protected">
            </method>
            <method name="setSelectedIndex" visibility="public">
            </method>
            <method name="getSelectedIndex" visibility="public">
            </method>
            <method name="getColorLocation" visibility="protected">
            </method>
            <method name="initComponents" visibility="private">
            </method>
        </class>
    </java-class-file>