
    <java-class-file name="D:\Experiments\Analisi di Sopravvivenza\Progetto16715\ProgettiDaAnalizzare\jhotdraw\JHotDraw 7.4.1\JHotDraw 7.4.1\Source\jhotdraw7\src\main\java\org\jhotdraw\color\SimpleHarmonicRule.java">
        <package-decl name="org.jhotdraw.color"/>
        <class name="SimpleHarmonicRule" visibility="public">
            <constructor visibility="public" name="SimpleHarmonicRule">
            </constructor>
            <method name="setConstraint" visibility="public">
            </method>
            <method name="getConstraint" visibility="public">
            </method>
            <method name="setComponentIndex" visibility="public">
            </method>
            <method name="getComponentIndex" visibility="public">
            </method>
            <method name="apply" visibility="public">
            </method>
            <method name="colorChanged" visibility="public">
            </method>
        </class>
    </java-class-file>