
    <java-class-file name="D:\Experiments\Analisi di Sopravvivenza\Progetto16715\ProgettiDaAnalizzare\jhotdraw\JHotDraw 7.4.1\JHotDraw 7.4.1\Source\jhotdraw7\src\main\java\org\jhotdraw\app\AbstractApplicationModel.java">
        <package-decl name="org.jhotdraw.app"/>
        <class name="AbstractApplicationModel" visibility="public" abstract="true">
            <constructor visibility="public" name="AbstractApplicationModel">
            </constructor>
            <method name="setName" visibility="public">
            </method>
            <method name="getName" visibility="public">
            </method>
            <method name="setVersion" visibility="public">
            </method>
            <method name="getVersion" visibility="public">
            </method>
            <method name="setCopyright" visibility="public">
            </method>
            <method name="getCopyright" visibility="public">
            </method>
            <method name="setViewClassName" visibility="public">
            </method>
            <method name="setViewClass" visibility="public">
            </method>
            <method name="getViewClass" visibility="public">
            </method>
            <method name="createView" visibility="public">
            </method>
            <method name="createToolBars" visibility="public" abstract="true">
            </method>
            <method name="createMenus" visibility="public" abstract="true">
            </method>
            <method name="initView" visibility="public">
            </method>
            <method name="destroyView" visibility="public">
            </method>
            <method name="initApplication" visibility="public">
            </method>
            <method name="destroyApplication" visibility="public">
            </method>
            <method name="createOpenChooser" visibility="public">
            </method>
            <method name="createOpenDirectoryChooser" visibility="public">
            </method>
            <method name="createSaveChooser" visibility="public">
            </method>
            <method name="createImportChooser" visibility="public">
            </method>
            <method name="createExportChooser" visibility="public">
            </method>
        </class>
    </java-class-file>