
    <java-class-file name="D:\Experiments\Analisi di Sopravvivenza\Progetto16715\ProgettiDaAnalizzare\jhotdraw\JHotDraw 7.4.1\JHotDraw 7.4.1\Source\jhotdraw7\src\main\java\org\jhotdraw\app\AbstractView.java">
        <package-decl name="org.jhotdraw.app"/>
        <class name="AbstractView" visibility="public" abstract="true">
            <constructor visibility="public" name="AbstractView">
            </constructor>
            <method name="init" visibility="public">
            </method>
            <method name="start" visibility="public">
            </method>
            <method name="activate" visibility="public">
            </method>
            <method name="deactivate" visibility="public">
            </method>
            <method name="stop" visibility="public">
            </method>
            <method name="dispose" visibility="public">
            </method>
            <method name="canSaveTo" visibility="public">
            </method>
            <method name="getURI" visibility="public">
            </method>
            <method name="setURI" visibility="public">
            </method>
            <method name="initComponents" visibility="private">
            </method>
            <method name="setApplication" visibility="public">
            </method>
            <method name="getApplication" visibility="public">
            </method>
            <method name="getComponent" visibility="public">
            </method>
            <method name="hasUnsavedChanges" visibility="public">
            </method>
            <method name="setHasUnsavedChanges" visibility="protected">
            </method>
            <method name="execute" visibility="public">
            </method>
            <method name="setMultipleOpenId" visibility="public">
            </method>
            <method name="getMultipleOpenId" visibility="public">
            </method>
            <method name="setShowing" visibility="public">
            </method>
            <method name="isShowing" visibility="public">
            </method>
            <method name="markChangesAsSaved" visibility="public">
            </method>
            <method name="setTitle" visibility="public">
            </method>
            <method name="getTitle" visibility="public">
            </method>
            <method name="addDisposable" visibility="public">
            </method>
            <method name="removeDisposable" visibility="public">
            </method>
        </class>
    </java-class-file>