
    <java-class-file name="D:\Experiments\Analisi di Sopravvivenza\Progetto16715\ProgettiDaAnalizzare\jhotdraw\JHotDraw 7.4.1\JHotDraw 7.4.1\Source\jhotdraw7\src\main\java\org\jhotdraw\app\Application.java">
        <package-decl name="org.jhotdraw.app"/>
            <method name="launch" visibility="public">
            </method>
            <method name="configure" visibility="public">
            </method>
            <method name="init" visibility="public">
            </method>
            <method name="start" visibility="public">
            </method>
            <method name="stop" visibility="public">
            </method>
            <method name="destroy" visibility="public">
            </method>
            <method name="createView" visibility="public">
            </method>
            <method name="add" visibility="public">
            </method>
            <method name="remove" visibility="public">
            </method>
            <method name="show" visibility="public">
            </method>
            <method name="hide" visibility="public">
            </method>
            <method name="dispose" visibility="public">
            </method>
            <method name="views" visibility="public">
            </method>
            <method name="getActiveView" visibility="public">
            </method>
            <method name="isEnabled" visibility="public">
            </method>
            <method name="setEnabled" visibility="public">
            </method>
            <method name="addPropertyChangeListener" visibility="public">
            </method>
            <method name="removePropertyChangeListener" visibility="public">
            </method>
            <method name="getName" visibility="public">
            </method>
            <method name="getVersion" visibility="public">
            </method>
            <method name="getCopyright" visibility="public">
            </method>
            <method name="setModel" visibility="public">
            </method>
            <method name="getModel" visibility="public">
            </method>
            <method name="isSharingToolsAmongViews" visibility="public">
            </method>
            <method name="getComponent" visibility="public">
            </method>
            <method name="addPalette" visibility="public">
            </method>
            <method name="removePalette" visibility="public">
            </method>
            <method name="addWindow" visibility="public">
            </method>
            <method name="removeWindow" visibility="public">
            </method>
            <method name="getRecentURIs" visibility="public">
            </method>
            <method name="addRecentURI" visibility="public">
            </method>
            <method name="clearRecentURIs" visibility="public">
            </method>
            <method name="createFileMenu" visibility="public">
            </method>
            <method name="createEditMenu" visibility="public">
            </method>
            <method name="createViewMenu" visibility="public">
            </method>
            <method name="createWindowMenu" visibility="public">
            </method>
            <method name="createHelpMenu" visibility="public">
            </method>
            <method name="getOpenChooser" visibility="public">
            </method>
            <method name="getSaveChooser" visibility="public">
            </method>
            <method name="getExportChooser" visibility="public">
            </method>
            <method name="getImportChooser" visibility="public">
            </method>
            <method name="getActionMap" visibility="public">
            </method>
    </java-class-file>