
    <java-class-file name="D:\Experiments\Analisi di Sopravvivenza\Progetto16715\ProgettiDaAnalizzare\jhotdraw\JHotDraw 7.4.1\JHotDraw 7.4.1\Source\jhotdraw7\src\main\java\org\jhotdraw\app\ApplicationModel.java">
        <package-decl name="org.jhotdraw.app"/>
            <method name="getName" visibility="public">
            </method>
            <method name="getVersion" visibility="public">
            </method>
            <method name="getCopyright" visibility="public">
            </method>
            <method name="createView" visibility="public">
            </method>
            <method name="initApplication" visibility="public">
            </method>
            <method name="destroyApplication" visibility="public">
            </method>
            <method name="initView" visibility="public">
            </method>
            <method name="destroyView" visibility="public">
            </method>
            <method name="createActionMap" visibility="public">
            </method>
            <method name="createToolBars" visibility="public">
            </method>
            <method name="createMenus" visibility="public">
            </method>
            <method name="createOpenChooser" visibility="public">
            </method>
            <method name="createOpenDirectoryChooser" visibility="public">
            </method>
            <method name="createSaveChooser" visibility="public">
            </method>
            <method name="createImportChooser" visibility="public">
            </method>
            <method name="createExportChooser" visibility="public">
            </method>
    </java-class-file>