
    <java-class-file name="D:\Experiments\Analisi di Sopravvivenza\Progetto16715\ProgettiDaAnalizzare\jhotdraw\JHotDraw 7.4.1\JHotDraw 7.4.1\Source\jhotdraw7\src\main\java\org\jhotdraw\app\DefaultAppletApplication.java">
        <package-decl name="org.jhotdraw.app"/>
        <class name="DefaultAppletApplication" visibility="public">
            <constructor visibility="public" name="DefaultAppletApplication">
            </constructor>
            <method name="init" visibility="public">
            </method>
            <method name="show" visibility="public">
            </method>
            <method name="hide" visibility="public">
            </method>
            <method name="getActiveView" visibility="public">
            </method>
            <method name="isSharingToolsAmongViews" visibility="public">
            </method>
            <method name="getComponent" visibility="public">
            </method>
            <method name="createViewActionMap" visibility="protected">
            </method>
            <method name="createFileMenu" visibility="public">
            </method>
            <method name="createEditMenu" visibility="public">
            </method>
            <method name="createViewMenu" visibility="public">
            </method>
            <method name="createWindowMenu" visibility="public">
            </method>
            <method name="createHelpMenu" visibility="public">
            </method>
        </class>
    </java-class-file>