
    <java-class-file name="D:\Experiments\Analisi di Sopravvivenza\Progetto16715\ProgettiDaAnalizzare\jhotdraw\JHotDraw 7.4.1\JHotDraw 7.4.1\Source\jhotdraw7\src\main\java\org\jhotdraw\app\DefaultApplicationModel.java">
        <package-decl name="org.jhotdraw.app"/>
        <class name="DefaultApplicationModel" visibility="public">
            <method name="initView" visibility="public">
            </method>
            <method name="createActionMap" visibility="public">
            </method>
            <method name="createToolBars" visibility="public">
            </method>
            <method name="createMenus" visibility="public">
            </method>
            <method name="createFileMenu" visibility="protected">
            </method>
            <method name="createEditMenu" visibility="protected">
            </method>
            <method name="createViewMenu" visibility="protected">
            </method>
            <method name="createWindowMenu" visibility="protected">
            </method>
            <method name="createHelpMenu" visibility="protected">
            </method>
        </class>
    </java-class-file>