
    <java-class-file name="D:\Experiments\Analisi di Sopravvivenza\Progetto16715\ProgettiDaAnalizzare\jhotdraw\JHotDraw 7.4.1\JHotDraw 7.4.1\Source\jhotdraw7\src\main\java\org\jhotdraw\app\EditableComponent.java">
        <package-decl name="org.jhotdraw.app"/>
            <method name="delete" visibility="public">
            </method>
            <method name="duplicate" visibility="public">
            </method>
            <method name="selectAll" visibility="public">
            </method>
            <method name="clearSelection" visibility="public">
            </method>
            <method name="isSelectionEmpty" visibility="public">
            </method>
            <method name="addPropertyChangeListener" visibility="public">
            </method>
            <method name="removePropertyChangeListener" visibility="public">
            </method>
    </java-class-file>