
    <java-class-file name="D:\Experiments\Analisi di Sopravvivenza\Progetto16715\ProgettiDaAnalizzare\jhotdraw\JHotDraw 7.4.1\JHotDraw 7.4.1\Source\jhotdraw7\src\main\java\org\jhotdraw\app\SDIApplication.java">
        <package-decl name="org.jhotdraw.app"/>
        <class name="SDIApplication" visibility="public">
            <constructor visibility="public" name="SDIApplication">
            </constructor>
            <method name="launch" visibility="public">
            </method>
            <method name="init" visibility="public">
            </method>
            <method name="remove" visibility="public">
            </method>
            <method name="configure" visibility="public">
            </method>
            <method name="initLookAndFeel" visibility="protected">
            </method>
            <method name="show" visibility="public">
                                                <method name="windowClosing" visibility="public">
                                                </method>
                                                <method name="windowClosed" visibility="public">
                                                </method>
                                                <method name="windowGainedFocus" visibility="public">
                                                </method>
                                                <method name="propertyChange" visibility="public">
                                                </method>
            </method>
            <method name="wrapViewComponent" visibility="protected">
            </method>
            <method name="hide" visibility="public">
            </method>
            <method name="dispose" visibility="public">
            </method>
            <method name="createMenuBar" visibility="protected">
            </method>
            <method name="createFileMenu" visibility="public">
            </method>
            <method name="createEditMenu" visibility="public">
            </method>
            <method name="updateViewTitle" visibility="protected">
            </method>
            <method name="isSharingToolsAmongViews" visibility="public">
            </method>
            <method name="getComponent" visibility="public">
            </method>
            <method name="createWindowMenu" visibility="public">
            </method>
            <method name="createViewMenu" visibility="public">
            </method>
            <method name="createHelpMenu" visibility="public">
            </method>
            <method name="createModelActionMap" visibility="protected">
            </method>
            <method name="createViewActionMap" visibility="protected">
            </method>
        </class>
    </java-class-file>