
    <java-class-file name="D:\Experiments\Analisi di Sopravvivenza\Progetto16715\ProgettiDaAnalizzare\jhotdraw\JHotDraw 7.4.1\JHotDraw 7.4.1\Source\jhotdraw7\src\main\java\org\jhotdraw\app\View.java">
        <package-decl name="org.jhotdraw.app"/>
            <method name="getApplication" visibility="public">
            </method>
            <method name="setApplication" visibility="public">
            </method>
            <method name="getComponent" visibility="public">
            </method>
            <method name="isEnabled" visibility="public">
            </method>
            <method name="setEnabled" visibility="public">
            </method>
            <method name="clear" visibility="public">
            </method>
            <method name="hasUnsavedChanges" visibility="public">
            </method>
            <method name="markChangesAsSaved" visibility="public">
            </method>
            <method name="execute" visibility="public">
            </method>
            <method name="init" visibility="public">
            </method>
            <method name="start" visibility="public">
            </method>
            <method name="activate" visibility="public">
            </method>
            <method name="deactivate" visibility="public">
            </method>
            <method name="stop" visibility="public">
            </method>
            <method name="dispose" visibility="public">
            </method>
            <method name="getActionMap" visibility="public">
            </method>
            <method name="setActionMap" visibility="public">
            </method>
            <method name="addPropertyChangeListener" visibility="public">
            </method>
            <method name="removePropertyChangeListener" visibility="public">
            </method>
            <method name="setMultipleOpenId" visibility="public">
            </method>
            <method name="getMultipleOpenId" visibility="public">
            </method>
            <method name="isShowing" visibility="public">
            </method>
            <method name="setShowing" visibility="public">
            </method>
            <method name="setTitle" visibility="public">
            </method>
            <method name="getTitle" visibility="public">
            </method>
            <method name="addDisposable" visibility="public">
            </method>
            <method name="removeDisposable" visibility="public">
            </method>
            <method name="getURI" visibility="public">
            </method>
            <method name="setURI" visibility="public">
            </method>
            <method name="canSaveTo" visibility="public">
            </method>
            <method name="write" visibility="public">
            </method>
            <method name="read" visibility="public">
            </method>
    </java-class-file>