
    <java-class-file name="D:\Experiments\Analisi di Sopravvivenza\Progetto16715\ProgettiDaAnalizzare\jhotdraw\JHotDraw 7.4.1\JHotDraw 7.4.1\Source\jhotdraw7\src\main\java\org\jhotdraw\app\action\app\ExitAction.java">
        <package-decl name="org.jhotdraw.app.action.app"/>
        <class name="ExitAction" visibility="public">
            <constructor visibility="public" name="ExitAction">
            </constructor>
            <method name="actionPerformed" visibility="public">
                                                            <method name="optionSelected" visibility="public">
                                                            </method>
            </method>
            <method name="getChooser" visibility="protected">
            </method>
            <method name="saveChanges" visibility="protected">
                                                <method name="optionSelected" visibility="public">
                                                </method>
            </method>
            <method name="reviewChanges" visibility="protected">
                                                <method name="optionSelected" visibility="public">
                                                </method>
            </method>
            <method name="saveChangesAndReviewNext" visibility="protected">
                                                <method name="optionSelected" visibility="public">
                                                </method>
            </method>
            <method name="reviewNext" visibility="protected">
            </method>
            <method name="saveToFile" visibility="protected">
                                    <method name="construct" visibility="protected">
                                    </method>
                                    <method name="done" visibility="protected">
                                    </method>
                                    <method name="failed" visibility="protected">
                                    </method>
                                    <method name="finished" visibility="public">
                                    </method>
            </method>
            <method name="saveToFileAndReviewNext" visibility="protected">
                                    <method name="construct" visibility="protected">
                                    </method>
                                    <method name="done" visibility="protected">
                                    </method>
                                    <method name="failed" visibility="protected">
                                    </method>
            </method>
            <method name="doExit" visibility="protected">
            </method>
        </class>
    </java-class-file>