
    <java-class-file name="D:\Experiments\Analisi di Sopravvivenza\Progetto16715\ProgettiDaAnalizzare\jhotdraw\JHotDraw 7.4.1\JHotDraw 7.4.1\Source\jhotdraw7\src\main\java\org\jhotdraw\app\action\app\PrintApplicationFileAction.java">
        <package-decl name="org.jhotdraw.app.action.app"/>
        <class name="PrintApplicationFileAction" visibility="public">
            <constructor visibility="public" name="PrintApplicationFileAction">
            </constructor>
            <method name="actionPerformed" visibility="public">
                                    <method name="construct" visibility="public">
                                    </method>
                                    <method name="done" visibility="protected">
                                    </method>
                                    <method name="failed" visibility="protected">
                                    </method>
            </method>
        </class>
    </java-class-file>