
    <java-class-file name="D:\Experiments\Analisi di Sopravvivenza\Progetto16715\ProgettiDaAnalizzare\jhotdraw\JHotDraw 7.4.1\JHotDraw 7.4.1\Source\jhotdraw7\src\main\java\net\n3\nanoxml\ContentReader.java">
        <package-decl name="net.n3.nanoxml"/>
        <class name="ContentReader" visibility="protected">
            <constructor visibility="protected" name="ContentReader">
            </constructor>
            <method name="finalize" visibility="protected">
            </method>
            <method name="read" visibility="public">
            </method>
            <method name="close" visibility="public">
            </method>
        </class>
    </java-class-file>