
    <java-class-file name="D:\Experiments\Analisi di Sopravvivenza\Progetto16715\ProgettiDaAnalizzare\jhotdraw\JHotDraw 7.4.1\JHotDraw 7.4.1\Source\jhotdraw7\src\main\java\net\n3\nanoxml\IXMLParser.java">
        <package-decl name="net.n3.nanoxml"/>
            <method name="setReader" visibility="public">
            </method>
            <method name="getReader" visibility="public">
            </method>
            <method name="setBuilder" visibility="public">
            </method>
            <method name="getBuilder" visibility="public">
            </method>
            <method name="setValidator" visibility="public">
            </method>
            <method name="getValidator" visibility="public">
            </method>
            <method name="setResolver" visibility="public">
            </method>
            <method name="getResolver" visibility="public">
            </method>
            <method name="parse" visibility="public">
            </method>
    </java-class-file>