
    <java-class-file name="D:\Experiments\Analisi di Sopravvivenza\Progetto16715\ProgettiDaAnalizzare\jhotdraw\JHotDraw 7.4.1\JHotDraw 7.4.1\Source\jhotdraw7\src\main\java\net\n3\nanoxml\IXMLReader.java">
        <package-decl name="net.n3.nanoxml"/>
            <method name="read" visibility="public">
            </method>
            <method name="atEOFOfCurrentStream" visibility="public">
            </method>
            <method name="atEOF" visibility="public">
            </method>
            <method name="unread" visibility="public">
            </method>
            <method name="getLineNr" visibility="public">
            </method>
            <method name="openStream" visibility="public">
            </method>
            <method name="startNewStream" visibility="public">
            </method>
            <method name="startNewStream" visibility="public">
            </method>
            <method name="getStreamLevel" visibility="public">
            </method>
            <method name="setSystemID" visibility="public">
            </method>
            <method name="setPublicID" visibility="public">
            </method>
            <method name="getSystemID" visibility="public">
            </method>
            <method name="getPublicID" visibility="public">
            </method>
    </java-class-file>