
    <java-class-file name="D:\Experiments\Analisi di Sopravvivenza\Progetto16715\ProgettiDaAnalizzare\jhotdraw\JHotDraw 7.4.1\JHotDraw 7.4.1\Source\jhotdraw7\src\main\java\net\n3\nanoxml\IXMLValidator.java">
        <package-decl name="net.n3.nanoxml"/>
            <method name="setParameterEntityResolver" visibility="public">
            </method>
            <method name="getParameterEntityResolver" visibility="public">
            </method>
            <method name="parseDTD" visibility="public">
            </method>
            <method name="elementStarted" visibility="public">
            </method>
            <method name="elementEnded" visibility="public">
            </method>
            <method name="attributeAdded" visibility="public">
            </method>
            <method name="elementAttributesProcessed" visibility="public">
            </method>
            <method name="PCDataAdded" visibility="public">
            </method>
    </java-class-file>