
    <java-class-file name="D:\Experiments\Analisi di Sopravvivenza\Progetto16715\ProgettiDaAnalizzare\jhotdraw\JHotDraw 7.4.1\JHotDraw 7.4.1\Source\jhotdraw7\src\main\java\net\n3\nanoxml\IXMLEntityResolver.java">
        <package-decl name="net.n3.nanoxml"/>
            <method name="addInternalEntity" visibility="public">
            </method>
            <method name="addExternalEntity" visibility="public">
            </method>
            <method name="getEntity" visibility="public">
            </method>
            <method name="isExternalEntity" visibility="public">
            </method>
    </java-class-file>