
    <java-class-file name="D:\Experiments\Analisi di Sopravvivenza\Progetto16715\ProgettiDaAnalizzare\jhotdraw\JHotDraw 7.4.1\JHotDraw 7.4.1\Source\jhotdraw7\src\main\java\net\n3\nanoxml\NonValidator.java">
        <package-decl name="net.n3.nanoxml"/>
        <class name="NonValidator" visibility="public">
            <constructor visibility="public" name="NonValidator">
            </constructor>
            <method name="finalize" visibility="protected">
            </method>
            <method name="setParameterEntityResolver" visibility="public">
            </method>
            <method name="getParameterEntityResolver" visibility="public">
            </method>
            <method name="parseDTD" visibility="public">
            </method>
            <method name="processElement" visibility="protected">
            </method>
            <method name="processConditionalSection" visibility="protected">
            </method>
            <method name="processIgnoreSection" visibility="protected">
            </method>
            <method name="processAttList" visibility="protected">
            </method>
            <method name="processEntity" visibility="protected">
            </method>
            <method name="elementStarted" visibility="public">
            </method>
            <method name="elementEnded" visibility="public">
            </method>
            <method name="elementAttributesProcessed" visibility="public">
            </method>
            <method name="attributeAdded" visibility="public">
            </method>
            <method name="PCDataAdded" visibility="public">
            </method>
        </class>
    </java-class-file>