
    <java-class-file name="D:\Experiments\Analisi di Sopravvivenza\Progetto16715\ProgettiDaAnalizzare\jhotdraw\JHotDraw 7.4.1\JHotDraw 7.4.1\Source\jhotdraw7\src\main\java\net\n3\nanoxml\StdXMLBuilder.java">
        <package-decl name="net.n3.nanoxml"/>
        <class name="StdXMLBuilder" visibility="public">
            <constructor visibility="public" name="StdXMLBuilder">
            </constructor>
            <constructor visibility="public" name="StdXMLBuilder">
            </constructor>
            <method name="finalize" visibility="protected">
            </method>
            <method name="startBuilding" visibility="public">
            </method>
            <method name="newProcessingInstruction" visibility="public">
            </method>
            <method name="startElement" visibility="public">
            </method>
            <method name="elementAttributesProcessed" visibility="public">
            </method>
            <method name="endElement" visibility="public">
            </method>
            <method name="addAttribute" visibility="public">
            </method>
            <method name="addPCData" visibility="public">
            </method>
            <method name="getResult" visibility="public">
            </method>
        </class>
    </java-class-file>