
    <java-class-file name="D:\Experiments\Analisi di Sopravvivenza\Progetto16715\ProgettiDaAnalizzare\jhotdraw\JHotDraw 7.4.1\JHotDraw 7.4.1\Source\jhotdraw7\src\main\java\net\n3\nanoxml\StdXMLParser.java">
        <package-decl name="net.n3.nanoxml"/>
        <class name="StdXMLParser" visibility="public">
            <constructor visibility="public" name="StdXMLParser">
            </constructor>
            <method name="finalize" visibility="protected">
            </method>
            <method name="setBuilder" visibility="public">
            </method>
            <method name="getBuilder" visibility="public">
            </method>
            <method name="setValidator" visibility="public">
            </method>
            <method name="getValidator" visibility="public">
            </method>
            <method name="setResolver" visibility="public">
            </method>
            <method name="getResolver" visibility="public">
            </method>
            <method name="setReader" visibility="public">
            </method>
            <method name="getReader" visibility="public">
            </method>
            <method name="parse" visibility="public">
            </method>
            <method name="scanData" visibility="protected">
            </method>
            <method name="scanSomeTag" visibility="protected">
            </method>
            <method name="processPI" visibility="protected">
            </method>
            <method name="processSpecialTag" visibility="protected">
            </method>
            <method name="processCDATA" visibility="protected">
            </method>
            <method name="processDocType" visibility="protected">
            </method>
            <method name="processElement" visibility="protected">
            </method>
            <method name="processAttribute" visibility="protected">
            </method>
        </class>
    </java-class-file>