
    <java-class-file name="D:\Experiments\Analisi di Sopravvivenza\Progetto16715\ProgettiDaAnalizzare\jhotdraw\JHotDraw 7.4.1\JHotDraw 7.4.1\Source\jhotdraw7\src\main\java\net\n3\nanoxml\ValidatorPlugin.java">
        <package-decl name="net.n3.nanoxml"/>
        <class name="ValidatorPlugin" visibility="public">
            <constructor visibility="public" name="ValidatorPlugin">
            </constructor>
            <method name="finalize" visibility="protected">
            </method>
            <method name="getDelegate" visibility="public">
            </method>
            <method name="setDelegate" visibility="public">
            </method>
            <method name="setParameterEntityResolver" visibility="public">
            </method>
            <method name="getParameterEntityResolver" visibility="public">
            </method>
            <method name="parseDTD" visibility="public">
            </method>
            <method name="elementStarted" visibility="public">
            </method>
            <method name="elementEnded" visibility="public">
            </method>
            <method name="elementAttributesProcessed" visibility="public">
            </method>
            <method name="attributeAdded" visibility="public">
            </method>
            <method name="PCDataAdded" visibility="public">
            </method>
            <method name="missingElement" visibility="public">
            </method>
            <method name="unexpectedElement" visibility="public">
            </method>
            <method name="missingAttribute" visibility="public">
            </method>
            <method name="unexpectedAttribute" visibility="public">
            </method>
            <method name="invalidAttributeValue" visibility="public">
            </method>
            <method name="missingPCData" visibility="public">
            </method>
            <method name="unexpectedPCData" visibility="public">
            </method>
            <method name="validationError" visibility="public">
            </method>
        </class>
    </java-class-file>