
    <java-class-file name="D:\Experiments\Analisi di Sopravvivenza\Progetto16715\ProgettiDaAnalizzare\jhotdraw\JHotDraw 7.4.1\JHotDraw 7.4.1\Source\jhotdraw7\src\main\java\net\n3\nanoxml\XMLAttribute.java">
        <package-decl name="net.n3.nanoxml"/>
        <class name="XMLAttribute" visibility="protected">
            <constructor visibility="protected" name="XMLAttribute">
            </constructor>
            <method name="getFullName" visibility="protected">
            </method>
            <method name="getName" visibility="protected">
            </method>
            <method name="getNamespace" visibility="protected">
            </method>
            <method name="getValue" visibility="protected">
            </method>
            <method name="setValue" visibility="protected">
            </method>
            <method name="getType" visibility="protected">
            </method>
        </class>
    </java-class-file>