
    <java-class-file name="D:\Experiments\Analisi di Sopravvivenza\Progetto16715\ProgettiDaAnalizzare\jhotdraw\JHotDraw 7.4.1\JHotDraw 7.4.1\Source\jhotdraw7\src\main\java\net\n3\nanoxml\XMLException.java">
        <package-decl name="net.n3.nanoxml"/>
        <class name="XMLException" visibility="public">
            <constructor visibility="public" name="XMLException">
            </constructor>
            <constructor visibility="public" name="XMLException">
            </constructor>
            <constructor visibility="public" name="XMLException">
            </constructor>
            <constructor visibility="public" name="XMLException">
            </constructor>
            <constructor visibility="public" name="XMLException">
            </constructor>
            <method name="buildMessage" visibility="private" static="true">
            </method>
            <method name="finalize" visibility="protected">
            </method>
            <method name="getSystemID" visibility="public">
            </method>
            <method name="getLineNr" visibility="public">
            </method>
            <method name="getException" visibility="public">
            </method>
            <method name="printStackTrace" visibility="public">
            </method>
            <method name="printStackTrace" visibility="public">
            </method>
            <method name="printStackTrace" visibility="public">
            </method>
            <method name="toString" visibility="public">
            </method>
        </class>
    </java-class-file>