
    <java-class-file name="D:\Experiments\Analisi di Sopravvivenza\Progetto16715\ProgettiDaAnalizzare\jhotdraw\JHotDraw 7.4.1\JHotDraw 7.4.1\Source\jhotdraw7\src\main\java\net\n3\nanoxml\XMLEntityResolver.java">
        <package-decl name="net.n3.nanoxml"/>
        <class name="XMLEntityResolver" visibility="public">
            <constructor visibility="public" name="XMLEntityResolver">
            </constructor>
            <method name="finalize" visibility="protected">
            </method>
            <method name="addInternalEntity" visibility="public">
            </method>
            <method name="addExternalEntity" visibility="public">
            </method>
            <method name="getEntity" visibility="public">
            </method>
            <method name="isExternalEntity" visibility="public">
            </method>
            <method name="openExternalEntity" visibility="protected">
            </method>
        </class>
    </java-class-file>