
    <java-class-file name="D:\Experiments\Analisi di Sopravvivenza\Progetto16715\ProgettiDaAnalizzare\jhotdraw\JHotDraw 7.4.1\JHotDraw 7.4.1\Source\jhotdraw7\src\main\java\net\n3\nanoxml\XMLElement.java">
        <package-decl name="net.n3.nanoxml"/>
        <class name="XMLElement" visibility="public">
            <constructor visibility="public" name="XMLElement">
            </constructor>
            <constructor visibility="public" name="XMLElement">
            </constructor>
            <constructor visibility="public" name="XMLElement">
            </constructor>
            <constructor visibility="public" name="XMLElement">
            </constructor>
            <constructor visibility="public" name="XMLElement">
            </constructor>
            <method name="createPCDataElement" visibility="public">
            </method>
            <method name="createElement" visibility="public">
            </method>
            <method name="createElement" visibility="public">
            </method>
            <method name="createElement" visibility="public">
            </method>
            <method name="createElement" visibility="public">
            </method>
            <method name="getParent" visibility="public">
            </method>
            <method name="getFullName" visibility="public">
            </method>
            <method name="getName" visibility="public">
            </method>
            <method name="getNamespace" visibility="public">
            </method>
            <method name="setName" visibility="public">
            </method>
            <method name="setName" visibility="public">
            </method>
            <method name="addChild" visibility="public">
            </method>
            <method name="insertChild" visibility="public">
            </method>
            <method name="removeChild" visibility="public">
            </method>
            <method name="removeChildAtIndex" visibility="public">
            </method>
            <method name="iterateChildren" visibility="public">
            </method>
            <method name="isLeaf" visibility="public">
            </method>
            <method name="hasChildren" visibility="public">
            </method>
            <method name="getChildrenCount" visibility="public">
            </method>
            <method name="getChildren" visibility="public">
            </method>
            <method name="getChildAtIndex" visibility="public">
            </method>
            <method name="getFirstChildNamed" visibility="public">
            </method>
            <method name="getFirstChildNamed" visibility="public">
            </method>
            <method name="getChildrenNamed" visibility="public">
            </method>
            <method name="getChildrenNamed" visibility="public">
            </method>
            <method name="findAttribute" visibility="private">
            </method>
            <method name="findAttribute" visibility="private">
            </method>
            <method name="getAttributeCount" visibility="public">
            </method>
            <method name="getAttribute" visibility="public">
            </method>
            <method name="getAttribute" visibility="public">
            </method>
            <method name="getAttribute" visibility="public">
            </method>
            <method name="getDoubleAttribute" visibility="public">
            </method>
            <method name="getAttribute" visibility="public">
            </method>
            <method name="getAttribute" visibility="public">
            </method>
            <method name="getAttribute" visibility="public">
            </method>
            <method name="getAttributeType" visibility="public">
            </method>
            <method name="getAttributeNamespace" visibility="public">
            </method>
            <method name="getAttributeType" visibility="public">
            </method>
            <method name="setAttribute" visibility="public">
            </method>
            <method name="setAttribute" visibility="public">
            </method>
            <method name="removeAttribute" visibility="public">
            </method>
            <method name="removeAttribute" visibility="public">
            </method>
            <method name="iterateAttributeNames" visibility="public">
            </method>
            <method name="hasAttribute" visibility="public">
            </method>
            <method name="hasAttribute" visibility="public">
            </method>
            <method name="getAttributes" visibility="public">
            </method>
            <method name="getAttributesInNamespace" visibility="public">
            </method>
            <method name="getSystemID" visibility="public">
            </method>
            <method name="getLineNr" visibility="public">
            </method>
            <method name="getContent" visibility="public">
            </method>
            <method name="setContent" visibility="public">
            </method>
            <method name="equals" visibility="public">
            </method>
            <method name="equalsXMLElement" visibility="public">
            </method>
            <method name="toString" visibility="public">
            </method>
            <method name="dispose" visibility="public">
            </method>
        </class>
    </java-class-file>