
    <java-class-file name="D:\Experiments\Analisi di Sopravvivenza\Progetto16715\ProgettiDaAnalizzare\jhotdraw\JHotDraw 7.4.1\JHotDraw 7.4.1\Source\jhotdraw7\src\main\java\net\n3\nanoxml\XMLParserFactory.java">
        <package-decl name="net.n3.nanoxml"/>
        <class name="XMLParserFactory" visibility="public">
            <method name="createDefaultXMLParser" visibility="public" static="true">
            </method>
            <method name="createDefaultXMLParser" visibility="public" static="true">
            </method>
            <method name="createXMLParser" visibility="public" static="true">
            </method>
        </class>
    </java-class-file>