
    <java-class-file name="D:\Experiments\Analisi di Sopravvivenza\Progetto16715\ProgettiDaAnalizzare\jhotdraw\JHotDraw 7.4.1\JHotDraw 7.4.1\Source\jhotdraw7\src\main\java\net\n3\nanoxml\XMLUtil.java">
        <package-decl name="net.n3.nanoxml"/>
        <class name="XMLUtil" visibility="protected">
            <method name="skipComment" visibility="protected" static="true">
            </method>
            <method name="skipTag" visibility="protected" static="true">
            </method>
            <method name="scanPublicID" visibility="protected" static="true">
            </method>
            <method name="scanSystemID" visibility="protected" static="true">
            </method>
            <method name="scanIdentifier" visibility="protected" static="true">
            </method>
            <method name="scanString" visibility="protected" static="true">
            </method>
            <method name="processEntity" visibility="protected" static="true">
            </method>
            <method name="processCharLiteral" visibility="protected" static="true">
            </method>
            <method name="skipWhitespace" visibility="protected" static="true">
            </method>
            <method name="read" visibility="protected" static="true">
            </method>
            <method name="readChar" visibility="protected" static="true">
            </method>
            <method name="checkLiteral" visibility="protected" static="true">
            </method>
            <method name="errorExpectedInput" visibility="protected" static="true">
            </method>
            <method name="errorInvalidEntity" visibility="protected" static="true">
            </method>
            <method name="errorUnexpectedEntity" visibility="protected" static="true">
            </method>
            <method name="errorUnexpectedCDATA" visibility="protected" static="true">
            </method>
            <method name="errorInvalidInput" visibility="protected" static="true">
            </method>
            <method name="errorWrongClosingTag" visibility="protected" static="true">
            </method>
            <method name="errorClosingTagNotEmpty" visibility="protected" static="true">
            </method>
            <method name="errorMissingElement" visibility="protected" static="true">
            </method>
            <method name="errorUnexpectedElement" visibility="protected" static="true">
            </method>
            <method name="errorMissingAttribute" visibility="protected" static="true">
            </method>
            <method name="errorUnexpectedAttribute" visibility="protected" static="true">
            </method>
            <method name="errorInvalidAttributeValue" visibility="protected" static="true">
            </method>
            <method name="errorMissingPCData" visibility="protected" static="true">
            </method>
            <method name="errorUnexpectedPCData" visibility="protected" static="true">
            </method>
            <method name="validationError" visibility="protected" static="true">
            </method>
        </class>
    </java-class-file>