
    <java-class-file name="D:\Experiments\Analisi di Sopravvivenza\Progetto16715\ProgettiDaAnalizzare\jhotdraw\JHotDraw 7.4.1\JHotDraw 7.4.1\Source\jhotdraw7\src\main\java\net\n3\nanoxml\XMLValidationException.java">
        <package-decl name="net.n3.nanoxml"/>
        <class name="XMLValidationException" visibility="public">
            <constructor visibility="public" name="XMLValidationException">
            </constructor>
            <method name="finalize" visibility="protected">
            </method>
            <method name="getElementName" visibility="public">
            </method>
            <method name="getAttributeName" visibility="public">
            </method>
            <method name="getAttributeValue" visibility="public">
            </method>
        </class>
    </java-class-file>