
    <java-class-file name="D:\Experiments\Analisi di Sopravvivenza\Progetto16715\ProgettiDaAnalizzare\jhotdraw\JHotDraw 7.4.1\JHotDraw 7.4.1\Source\jhotdraw7\src\main\java\net\n3\nanoxml\XMLWriter.java">
        <package-decl name="net.n3.nanoxml"/>
        <class name="XMLWriter" visibility="public">
            <constructor visibility="public" name="XMLWriter">
            </constructor>
            <constructor visibility="public" name="XMLWriter">
            </constructor>
            <method name="finalize" visibility="protected">
            </method>
            <method name="write" visibility="public">
            </method>
            <method name="write" visibility="public">
            </method>
            <method name="write" visibility="public">
            </method>
            <method name="write" visibility="public">
            </method>
            <method name="writeEncoded" visibility="private">
            </method>
        </class>
    </java-class-file>