
    <java-class-file name="D:\Experiments\Analisi di Sopravvivenza\Progetto16715\ProgettiDaAnalizzare\jfreechart\jfreechart-0.6.0\source\com\jrefinery\chart\demo\JFreeChartDemo.java">
        <package-decl name="com.jrefinery.chart.demo"/>
        <class name="JFreeChartDemo" visibility="public">
            <constructor visibility="public" name="JFreeChartDemo">
                                <method name="windowClosing" visibility="public">
                                </method>
            </constructor>
            <method name="getPreferredSize" visibility="public">
            </method>
            <method name="createTabbedPane" visibility="private">
            </method>
            <method name="actionPerformed" visibility="public">
            </method>
            <method name="createMenuBar" visibility="private">
            </method>
            <method name="attemptExit" visibility="private">
            </method>
            <method name="displayDynamicXYChart" visibility="private">
            </method>
            <method name="displayVerticalBarChart" visibility="private">
            </method>
            <method name="displayVerticalStackedBarChart" visibility="private">
            </method>
            <method name="displayVerticalStacked3DBarChart" visibility="private">
            </method>
            <method name="displayVerticalXYBarChart" visibility="private">
            </method>
            <method name="displayVertical3DBarChart" visibility="private">
            </method>
            <method name="displayHorizontalBarChart" visibility="private">
            </method>
            <method name="displayHorizontalStackedBarChart" visibility="private">
            </method>
            <method name="displayLineChart" visibility="private">
            </method>
            <method name="displayPieChartOne" visibility="private">
            </method>
            <method name="displayPieChartTwo" visibility="private">
            </method>
            <method name="displayXYPlot" visibility="private">
            </method>
            <method name="displayXYPlotZeroData" visibility="private">
            </method>
            <method name="displayScatterPlot" visibility="private">
            </method>
            <method name="displayNullXYPlot" visibility="private">
            </method>
            <method name="displayTimeSeriesChart" visibility="private">
            </method>
            <method name="displayTimeSeriesWithMAChart" visibility="private">
            </method>
            <method name="displayHighLowChart" visibility="private">
            </method>
            <method name="displayTimeSeriesChartInScrollPane" visibility="private">
            </method>
            <method name="about" visibility="private">
            </method>
            <method name="main" visibility="public" static="true">
            </method>
            <method name="createCategoryDataset" visibility="public">
            </method>
            <method name="createSingleCategoryDataset" visibility="public">
            </method>
            <method name="createSingleSeriesCategoryDataset" visibility="public">
            </method>
            <method name="createDate" visibility="private">
            </method>
            <method name="createDateTime" visibility="private">
            </method>
            <method name="createXYDataset" visibility="public">
            </method>
            <method name="createTestXYDataset" visibility="public">
            </method>
            <method name="createTestTimeSeriesCollection1" visibility="public">
            </method>
            <method name="createHighLowDataset" visibility="public">
            </method>
            <method name="windowActivated" visibility="public">
            </method>
            <method name="windowClosed" visibility="public">
            </method>
            <method name="windowClosing" visibility="public">
            </method>
            <method name="windowDeactivated" visibility="public">
            </method>
            <method name="windowDeiconified" visibility="public">
            </method>
            <method name="windowIconified" visibility="public">
            </method>
            <method name="windowOpened" visibility="public">
            </method>
        </class>
    </java-class-file>