
    <java-class-file name="D:\Experiments\Analisi di Sopravvivenza\Progetto16715\ProgettiDaAnalizzare\jfreechart\jfreechart-0.6.0\source\com\jrefinery\chart\demo\SampleXYDataset.java">
        <package-decl name="com.jrefinery.chart.demo"/>
        <class name="SampleXYDataset" visibility="public">
            <constructor visibility="public" name="SampleXYDataset">
            </constructor>
            <method name="getTranslate" visibility="public">
            </method>
            <method name="setTranslate" visibility="public">
            </method>
            <method name="getXValue" visibility="public">
            </method>
            <method name="getYValue" visibility="public">
            </method>
            <method name="getSeriesCount" visibility="public">
            </method>
            <method name="getSeriesName" visibility="public">
            </method>
            <method name="getItemCount" visibility="public">
            </method>
        </class>
    </java-class-file>