
    <java-class-file name="D:\Experiments\Analisi di Sopravvivenza\Progetto16715\ProgettiDaAnalizzare\jfreechart\jfreechart-0.6.0\source\com\jrefinery\chart\demo\SampleHighLowDataset.java">
        <package-decl name="com.jrefinery.chart.demo"/>
        <class name="SampleHighLowDataset" visibility="public">
            <constructor visibility="public" name="SampleHighLowDataset">
            </constructor>
            <method name="getXValue" visibility="public">
            </method>
            <method name="getYValue" visibility="public">
            </method>
            <method name="getHighValue" visibility="public">
            </method>
            <method name="getLowValue" visibility="public">
            </method>
            <method name="getOpenValue" visibility="public">
            </method>
            <method name="getCloseValue" visibility="public">
            </method>
            <method name="getSeriesCount" visibility="public">
            </method>
            <method name="getSeriesName" visibility="public">
            </method>
            <method name="getItemCount" visibility="public">
            </method>
            <method name="initialiseData" visibility="private">
            </method>
            <method name="createDate" visibility="private">
            </method>
        </class>
    </java-class-file>