
    <java-class-file name="D:\Experiments\Analisi di Sopravvivenza\Progetto16715\ProgettiDaAnalizzare\jhotdraw\JHotDraw 7.4.1\JHotDraw 7.4.1\Source\jhotdraw7\src\main\java\org\jhotdraw\draw\event\CompositeFigureEvent.java">
        <package-decl name="org.jhotdraw.draw.event"/>
        <class name="CompositeFigureEvent" visibility="public">
            <constructor visibility="public" name="CompositeFigureEvent">
            </constructor>
            <method name="getCompositeFigure" visibility="public">
            </method>
            <method name="getChildFigure" visibility="public">
            </method>
            <method name="getInvalidatedArea" visibility="public">
            </method>
            <method name="getIndex" visibility="public">
            </method>
        </class>
    </java-class-file>