
    <java-class-file name="D:\Experiments\Analisi di Sopravvivenza\Progetto16715\ProgettiDaAnalizzare\jhotdraw\JHotDraw 7.4.1\JHotDraw 7.4.1\Source\jhotdraw7\src\main\java\org\jhotdraw\draw\event\CompositeFigureEdit.java">
        <package-decl name="org.jhotdraw.draw.event"/>
        <class name="CompositeFigureEdit" visibility="public">
            <constructor visibility="public" name="CompositeFigureEdit">
            </constructor>
            <constructor visibility="public" name="CompositeFigureEdit">
            </constructor>
            <constructor visibility="public" name="CompositeFigureEdit">
            </constructor>
            <constructor visibility="public" name="CompositeFigureEdit">
            </constructor>
            <method name="undo" visibility="public">
            </method>
            <method name="redo" visibility="public">
            </method>
        </class>
    </java-class-file>