
    <java-class-file name="D:\Experiments\Analisi di Sopravvivenza\Progetto16715\ProgettiDaAnalizzare\jhotdraw\JHotDraw 7.4.1\JHotDraw 7.4.1\Source\jhotdraw7\src\main\java\org\jhotdraw\draw\event\FigureSelectionEvent.java">
        <package-decl name="org.jhotdraw.draw.event"/>
        <class name="FigureSelectionEvent" visibility="public">
            <constructor visibility="public" name="FigureSelectionEvent">
            </constructor>
            <method name="getView" visibility="public">
            </method>
            <method name="getOldSelection" visibility="public">
            </method>
            <method name="getNewSelection" visibility="public">
            </method>
        </class>
    </java-class-file>