
    <java-class-file name="D:\Experiments\Analisi di Sopravvivenza\Progetto16715\ProgettiDaAnalizzare\jhotdraw\JHotDraw 7.4.1\JHotDraw 7.4.1\Source\jhotdraw7\src\main\java\org\jhotdraw\draw\event\FigureAdapter.java">
        <package-decl name="org.jhotdraw.draw.event"/>
        <class name="FigureAdapter" visibility="public">
            <method name="areaInvalidated" visibility="public">
            </method>
            <method name="attributeChanged" visibility="public">
            </method>
            <method name="figureAdded" visibility="public">
            </method>
            <method name="figureChanged" visibility="public">
            </method>
            <method name="figureRemoved" visibility="public">
            </method>
            <method name="figureRequestRemove" visibility="public">
            </method>
            <method name="figureHandlesChanged" visibility="public">
            </method>
        </class>
    </java-class-file>