
    <java-class-file name="D:\Experiments\Analisi di Sopravvivenza\Progetto16715\ProgettiDaAnalizzare\jhotdraw\JHotDraw 7.4.1\JHotDraw 7.4.1\Source\jhotdraw7\src\main\java\org\jhotdraw\draw\event\FigureEvent.java">
        <package-decl name="org.jhotdraw.draw.event"/>
        <class name="FigureEvent" visibility="public">
            <constructor visibility="public" name="FigureEvent">
            </constructor>
            <constructor visibility="public" name="FigureEvent">
            </constructor>
            <method name="getFigure" visibility="public">
            </method>
            <method name="getInvalidatedArea" visibility="public">
            </method>
            <method name="getAttribute" visibility="public">
            </method>
            <method name="getOldValue" visibility="public">
            </method>
            <method name="getNewValue" visibility="public">
            </method>
        </class>
    </java-class-file>