
    <java-class-file name="D:\Experiments\Analisi di Sopravvivenza\Progetto16715\ProgettiDaAnalizzare\jhotdraw\JHotDraw 7.4.1\JHotDraw 7.4.1\Source\jhotdraw7\src\main\java\org\jhotdraw\draw\event\HandleEvent.java">
        <package-decl name="org.jhotdraw.draw.event"/>
        <class name="HandleEvent" visibility="public">
            <constructor visibility="public" name="HandleEvent">
            </constructor>
            <method name="getHandle" visibility="public">
            </method>
            <method name="getInvalidatedArea" visibility="public">
            </method>
        </class>
    </java-class-file>