
    <java-class-file name="D:\Experiments\Analisi di Sopravvivenza\Progetto16715\ProgettiDaAnalizzare\jhotdraw\JHotDraw 7.4.1\JHotDraw 7.4.1\Source\jhotdraw7\src\main\java\org\jhotdraw\draw\event\HandleMulticaster.java">
        <package-decl name="org.jhotdraw.draw.event"/>
        <class name="HandleMulticaster" visibility="public">
            <constructor visibility="public" name="HandleMulticaster">
            </constructor>
            <constructor visibility="public" name="HandleMulticaster">
            </constructor>
            <method name="draw" visibility="public">
            </method>
            <method name="keyPressed" visibility="public">
            </method>
            <method name="keyReleased" visibility="public">
            </method>
            <method name="keyTyped" visibility="public">
            </method>
            <method name="trackEnd" visibility="public">
            </method>
            <method name="trackStart" visibility="public">
            </method>
            <method name="trackDoubleClick" visibility="public">
            </method>
            <method name="trackStep" visibility="public">
            </method>
        </class>
    </java-class-file>