
    <java-class-file name="D:\Experiments\Analisi di Sopravvivenza\Progetto16715\ProgettiDaAnalizzare\jhotdraw\JHotDraw 7.4.1\JHotDraw 7.4.1\Source\jhotdraw7\src\main\java\org\jhotdraw\draw\event\SetBoundsEdit.java">
        <package-decl name="org.jhotdraw.draw.event"/>
        <class name="SetBoundsEdit" visibility="public">
            <constructor visibility="public" name="SetBoundsEdit">
            </constructor>
            <method name="getPresentationName" visibility="public">
            </method>
            <method name="addEdit" visibility="public">
            </method>
            <method name="replaceEdit" visibility="public">
            </method>
            <method name="redo" visibility="public">
            </method>
            <method name="undo" visibility="public">
            </method>
        </class>
    </java-class-file>