
    <java-class-file name="D:\Experiments\Analisi di Sopravvivenza\Progetto16715\ProgettiDaAnalizzare\jhotdraw\JHotDraw 7.4.1\JHotDraw 7.4.1\Source\jhotdraw7\src\main\java\org\jhotdraw\draw\event\ToolEvent.java">
        <package-decl name="org.jhotdraw.draw.event"/>
        <class name="ToolEvent" visibility="public">
            <constructor visibility="public" name="ToolEvent">
            </constructor>
            <method name="getTool" visibility="public">
            </method>
            <method name="getView" visibility="public">
            </method>
            <method name="getInvalidatedArea" visibility="public">
            </method>
        </class>
    </java-class-file>