
    <java-class-file name="D:\Experiments\Analisi di Sopravvivenza\Progetto16715\ProgettiDaAnalizzare\jhotdraw\JHotDraw 7.4.1\JHotDraw 7.4.1\Source\jhotdraw7\src\main\java\org\jhotdraw\draw\event\ToolAdapter.java">
        <package-decl name="org.jhotdraw.draw.event"/>
        <class name="ToolAdapter" visibility="public">
            <method name="toolStarted" visibility="public">
            </method>
            <method name="toolDone" visibility="public">
            </method>
            <method name="areaInvalidated" visibility="public">
            </method>
            <method name="boundsInvalidated" visibility="public">
            </method>
        </class>
    </java-class-file>