
    <java-class-file name="D:\Experiments\Analisi di Sopravvivenza\Progetto16715\ProgettiDaAnalizzare\jfreechart\jfreechart-0.6.0\source\com\jrefinery\chart\ui\AxisPropertyEditPanel.java">
        <package-decl name="com.jrefinery.chart.ui"/>
        <class name="AxisPropertyEditPanel" visibility="public">
            <method name="getInstance" visibility="public" static="true">
            </method>
            <constructor visibility="public" name="AxisPropertyEditPanel">
            </constructor>
            <method name="getLabel" visibility="public">
            </method>
            <method name="getLabelFont" visibility="public">
            </method>
            <method name="getLabelPaint" visibility="public">
            </method>
            <method name="isTickLabelsVisible" visibility="public">
            </method>
            <method name="getTickLabelFont" visibility="public">
            </method>
            <method name="getTickLabelPaint" visibility="public">
            </method>
            <method name="isTickMarksVisible" visibility="public">
            </method>
            <method name="getTickLabelInsets" visibility="public">
            </method>
            <method name="getLabelInsets" visibility="public">
            </method>
            <method name="getOtherTabs" visibility="public">
            </method>
            <method name="actionPerformed" visibility="public">
            </method>
            <method name="attemptLabelFontSelection" visibility="private">
            </method>
            <method name="attemptModifyLabelPaint" visibility="private">
            </method>
            <method name="attemptTickLabelFontSelection" visibility="public">
            </method>
            <method name="editTickLabelInsets" visibility="private">
            </method>
            <method name="editLabelInsets" visibility="private">
            </method>
            <method name="setAxisProperties" visibility="public">
            </method>
        </class>
    </java-class-file>