
    <java-class-file name="D:\Experiments\Analisi di Sopravvivenza\Progetto16715\ProgettiDaAnalizzare\jfreechart\jfreechart-0.6.0\source\com\jrefinery\chart\ui\ChartPropertyEditPanel.java">
        <package-decl name="com.jrefinery.chart.ui"/>
        <class name="ChartPropertyEditPanel" visibility="public">
            <constructor visibility="public" name="ChartPropertyEditPanel">
            </constructor>
            <method name="getTitlePropertyEditPanel" visibility="public">
            </method>
            <method name="getLegendPropertyEditPanel" visibility="public">
            </method>
            <method name="getPlotPropertyEditPanel" visibility="public">
            </method>
            <method name="getAntiAlias" visibility="public">
            </method>
            <method name="getBackgroundPaint" visibility="public">
            </method>
            <method name="actionPerformed" visibility="public">
            </method>
            <method name="attemptModifyBackgroundPaint" visibility="private">
            </method>
            <method name="updateChartProperties" visibility="public">
            </method>
        </class>
    </java-class-file>