
    <java-class-file name="D:\Experiments\Analisi di Sopravvivenza\Progetto16715\ProgettiDaAnalizzare\jfreechart\jfreechart-0.6.0\source\com\jrefinery\chart\ui\LegendPropertyEditPanel.java">
        <package-decl name="com.jrefinery.chart.ui"/>
        <class name="LegendPropertyEditPanel" visibility="protected">
            <constructor visibility="public" name="LegendPropertyEditPanel">
            </constructor>
            <method name="getOutlineStroke" visibility="public">
            </method>
            <method name="getOutlinePaint" visibility="public">
            </method>
            <method name="getBackgroundPaint" visibility="public">
            </method>
            <method name="getSeriesFont" visibility="public">
            </method>
            <method name="getSeriesPaint" visibility="public">
            </method>
            <method name="actionPerformed" visibility="public">
            </method>
            <method name="attemptModifyOutlineStroke" visibility="private">
            </method>
            <method name="attemptModifyOutlinePaint" visibility="private">
            </method>
            <method name="attemptModifyBackgroundPaint" visibility="private">
            </method>
            <method name="attemptModifySeriesFont" visibility="public">
            </method>
            <method name="attemptModifySeriesPaint" visibility="private">
            </method>
            <method name="setLegendProperties" visibility="public">
            </method>
        </class>
    </java-class-file>