
    <java-class-file name="D:\Experiments\Analisi di Sopravvivenza\Progetto16715\ProgettiDaAnalizzare\jfreechart\jfreechart-0.6.0\source\com\jrefinery\chart\ui\NumberAxisPropertyEditPanel.java">
        <package-decl name="com.jrefinery.chart.ui"/>
        <class name="NumberAxisPropertyEditPanel" visibility="protected">
            <constructor visibility="public" name="NumberAxisPropertyEditPanel">
            </constructor>
            <method name="isAutoRange" visibility="public">
            </method>
            <method name="getMinimumValue" visibility="public">
            </method>
            <method name="getMaximumValue" visibility="public">
            </method>
            <method name="actionPerformed" visibility="public">
            </method>
            <method name="attemptGridStrokeSelection" visibility="private">
            </method>
            <method name="attemptGridPaintSelection" visibility="private">
            </method>
            <method name="focusGained" visibility="public">
            </method>
            <method name="focusLost" visibility="public">
            </method>
            <method name="toggleAutoRange" visibility="public">
            </method>
            <method name="validateMinimum" visibility="public">
            </method>
            <method name="validateMaximum" visibility="public">
            </method>
            <method name="setAxisProperties" visibility="public">
            </method>
        </class>
    </java-class-file>