
    <java-class-file name="D:\Experiments\Analisi di Sopravvivenza\Progetto16715\ProgettiDaAnalizzare\jfreechart\jfreechart-0.6.0\source\com\jrefinery\chart\ui\PlotPropertyEditPanel.java">
        <package-decl name="com.jrefinery.chart.ui"/>
        <class name="PlotPropertyEditPanel" visibility="public">
            <constructor visibility="public" name="PlotPropertyEditPanel">
            </constructor>
            <method name="getPlotInsets" visibility="public">
            </method>
            <method name="getBackgroundPaint" visibility="public">
            </method>
            <method name="getOutlineStroke" visibility="public">
            </method>
            <method name="getOutlinePaint" visibility="public">
            </method>
            <method name="getVerticalAxisPropertyEditPanel" visibility="public">
            </method>
            <method name="getHorizontalAxisPropertyEditPanel" visibility="public">
            </method>
            <method name="actionPerformed" visibility="public">
            </method>
            <method name="attemptBackgroundPaintSelection" visibility="private">
            </method>
            <method name="attemptOutlineStrokeSelection" visibility="private">
            </method>
            <method name="attemptOutlinePaintSelection" visibility="private">
            </method>
            <method name="editInsets" visibility="private">
            </method>
            <method name="updatePlotProperties" visibility="public">
            </method>
        </class>
    </java-class-file>