
    <java-class-file name="D:\Experiments\Analisi di Sopravvivenza\Progetto16715\ProgettiDaAnalizzare\jfreechart\jfreechart-0.6.0\source\com\jrefinery\chart\ui\TitlePropertyEditPanel.java">
        <package-decl name="com.jrefinery.chart.ui"/>
        <class name="TitlePropertyEditPanel" visibility="public">
            <constructor visibility="public" name="TitlePropertyEditPanel">
            </constructor>
            <method name="getTitle" visibility="public">
            </method>
            <method name="getTitleFont" visibility="public">
            </method>
            <method name="getTitlePaint" visibility="public">
            </method>
            <method name="actionPerformed" visibility="public">
            </method>
            <method name="attemptFontSelection" visibility="public">
            </method>
            <method name="attemptPaintSelection" visibility="public">
            </method>
            <method name="setTitleProperties" visibility="public">
            </method>
        </class>
    </java-class-file>