
    <java-class-file name="D:\Experiments\Analisi di Sopravvivenza\Progetto16715\ProgettiDaAnalizzare\jfreechart\jfreechart-0.6.0\source\com\jrefinery\chart\data\LinearPlotFitAlgorithm.java">
        <package-decl name="com.jrefinery.chart.data"/>
        <class name="LinearPlotFitAlgorithm" visibility="public">
            <method name="getName" visibility="public">
            </method>
            <method name="setXYDataset" visibility="public">
            </method>
            <method name="getY" visibility="public">
            </method>
        </class>
    </java-class-file>