
    <java-class-file name="D:\Experiments\Analisi di Sopravvivenza\Progetto16715\ProgettiDaAnalizzare\jfreechart\jfreechart-0.6.0\source\com\jrefinery\chart\data\MovingAveragePlotFitAlgorithm.java">
        <package-decl name="com.jrefinery.chart.data"/>
        <class name="MovingAveragePlotFitAlgorithm" visibility="public">
            <method name="getName" visibility="public">
            </method>
            <method name="setPeriod" visibility="public">
            </method>
            <method name="setXYDataset" visibility="public">
            </method>
            <method name="getY" visibility="public">
            </method>
        </class>
        <class name="ArrayHolder" visibility="protected">
            <constructor visibility="protected" name="ArrayHolder">
            </constructor>
            <method name="getArray" visibility="public">
            </method>
        </class>
    </java-class-file>