
    <java-class-file name="D:\Experiments\Analisi di Sopravvivenza\Progetto16715\ProgettiDaAnalizzare\jfreechart\jfreechart-0.6.0\source\com\jrefinery\chart\data\PlotFit.java">
        <package-decl name="com.jrefinery.chart.data"/>
        <class name="PlotFit" visibility="public">
            <constructor visibility="public" name="PlotFit">
            </constructor>
            <method name="setXYDataset" visibility="public">
            </method>
            <method name="setPlotFitAlgorithm" visibility="public">
            </method>
            <method name="getResults" visibility="public">
            </method>
            <method name="getFit" visibility="public">
            </method>
        </class>
    </java-class-file>