
    <java-class-file name="D:\Experiments\Analisi di Sopravvivenza\Progetto16715\ProgettiDaAnalizzare\jfreechart\jfreechart-0.6.0\source\com\jrefinery\chart\event\ChartChangeEvent.java">
        <package-decl name="com.jrefinery.chart.event"/>
        <class name="ChartChangeEvent" visibility="public">
            <constructor visibility="public" name="ChartChangeEvent">
            </constructor>
            <constructor visibility="public" name="ChartChangeEvent">
            </constructor>
            <constructor visibility="public" name="ChartChangeEvent">
            </constructor>
            <method name="getChart" visibility="public">
            </method>
            <method name="setChart" visibility="public">
            </method>
            <method name="getType" visibility="public">
            </method>
            <method name="setType" visibility="public">
            </method>
        </class>
    </java-class-file>