
    <java-class-file name="D:\Experiments\Analisi di Sopravvivenza\Progetto16715\ProgettiDaAnalizzare\jfreechart\jfreechart-0.6.0\source\com\jrefinery\chart\AbstractTitle.java">
        <package-decl name="com.jrefinery.chart"/>
        <class name="AbstractTitle" visibility="public" abstract="true">
            <constructor visibility="protected" name="AbstractTitle">
            </constructor>
            <constructor visibility="protected" name="AbstractTitle">
            </constructor>
            <constructor visibility="protected" name="AbstractTitle">
            </constructor>
            <method name="clone" visibility="public">
            </method>
            <method name="getNotify" visibility="public">
            </method>
            <method name="setNotify" visibility="public">
            </method>
            <method name="getPosition" visibility="public">
            </method>
            <method name="setPosition" visibility="public">
            </method>
            <method name="getHorizontalAlignment" visibility="public">
            </method>
            <method name="setHorizontalAlignment" visibility="public">
            </method>
            <method name="getVerticalAlignment" visibility="public">
            </method>
            <method name="setVerticalAlignment" visibility="public">
            </method>
            <method name="getInsets" visibility="public">
            </method>
            <method name="setInsets" visibility="public">
            </method>
            <method name="isValidPosition" visibility="public" abstract="true">
            </method>
            <method name="getPreferredWidth" visibility="public" abstract="true">
            </method>
            <method name="getPreferredHeight" visibility="public" abstract="true">
            </method>
            <method name="draw" visibility="public" abstract="true">
            </method>
            <method name="addChangeListener" visibility="public">
            </method>
            <method name="removeChangeListener" visibility="public">
            </method>
            <method name="notifyListeners" visibility="protected">
            </method>
        </class>
    </java-class-file>