
    <java-class-file name="D:\Experiments\Analisi di Sopravvivenza\Progetto16715\ProgettiDaAnalizzare\jfreechart\jfreechart-0.6.0\source\com\jrefinery\chart\Axis.java">
        <package-decl name="com.jrefinery.chart"/>
        <class name="Axis" visibility="public" abstract="true">
            <constructor visibility="protected" name="Axis">
            </constructor>
            <constructor visibility="protected" name="Axis">
            </constructor>
            <method name="getPlot" visibility="public">
            </method>
            <method name="setPlot" visibility="public">
            </method>
            <method name="getLabel" visibility="public">
            </method>
            <method name="setLabel" visibility="public">
            </method>
            <method name="getLabelFont" visibility="public">
            </method>
            <method name="setLabelFont" visibility="public">
            </method>
            <method name="getLabelPaint" visibility="public">
            </method>
            <method name="setLabelPaint" visibility="public">
            </method>
            <method name="getLabelInsets" visibility="public">
            </method>
            <method name="setLabelInsets" visibility="public">
            </method>
            <method name="isTickLabelsVisible" visibility="public">
            </method>
            <method name="setTickLabelsVisible" visibility="public">
            </method>
            <method name="getTickLabelFont" visibility="public">
            </method>
            <method name="setTickLabelFont" visibility="public">
            </method>
            <method name="getTickLabelPaint" visibility="public">
            </method>
            <method name="setTickLabelPaint" visibility="public">
            </method>
            <method name="getTickLabelInsets" visibility="public">
            </method>
            <method name="setTickLabelInsets" visibility="public">
            </method>
            <method name="isTickMarksVisible" visibility="public">
            </method>
            <method name="setTickMarksVisible" visibility="public">
            </method>
            <method name="getTickMarkStroke" visibility="public">
            </method>
            <method name="setTickMarkStroke" visibility="public">
            </method>
            <method name="draw" visibility="public" abstract="true">
            </method>
            <method name="refreshTicks" visibility="public" abstract="true">
            </method>
            <method name="configure" visibility="public" abstract="true">
            </method>
            <method name="getMaxTickLabelWidth" visibility="protected">
            </method>
            <method name="isCompatiblePlot" visibility="protected" abstract="true">
            </method>
            <method name="notifyListeners" visibility="protected">
            </method>
            <method name="addChangeListener" visibility="public">
            </method>
            <method name="removeChangeListener" visibility="public">
            </method>
            <method name="drawVerticalString" visibility="protected">
            </method>
        </class>
    </java-class-file>