
    <java-class-file name="D:\Experiments\Analisi di Sopravvivenza\Progetto16715\ProgettiDaAnalizzare\jfreechart\jfreechart-0.6.0\source\com\jrefinery\chart\Bar.java">
        <package-decl name="com.jrefinery.chart"/>
        <class name="Bar" visibility="public">
            <constructor visibility="public" name="Bar">
            </constructor>
            <constructor visibility="public" name="Bar">
            </constructor>
            <method name="getArea" visibility="public">
            </method>
            <method name="getOutlineStroke" visibility="public">
            </method>
            <method name="getOutlinePaint" visibility="public">
            </method>
            <method name="getFillPaint" visibility="public">
            </method>
            <method name="getWidth" visibility="public">
            </method>
        </class>
    </java-class-file>