
    <java-class-file name="D:\Experiments\Analisi di Sopravvivenza\Progetto16715\ProgettiDaAnalizzare\jfreechart\jfreechart-0.6.0\source\com\jrefinery\chart\BarPlot.java">
        <package-decl name="com.jrefinery.chart"/>
        <class name="BarPlot" visibility="public" abstract="true">
            <constructor visibility="public" name="BarPlot">
            </constructor>
            <constructor visibility="public" name="BarPlot">
            </constructor>
            <method name="getDataset" visibility="public">
            </method>
            <method name="setVerticalAxis" visibility="public">
            </method>
            <method name="setHorizontalAxis" visibility="public">
            </method>
            <method name="getCategories" visibility="public">
            </method>
            <method name="getIntroGapPercent" visibility="public">
            </method>
            <method name="setIntroGapPercent" visibility="public">
            </method>
            <method name="getTrailGapPercent" visibility="public">
            </method>
            <method name="setTrailGapPercent" visibility="public">
            </method>
            <method name="getCategoryGapsPercent" visibility="public">
            </method>
            <method name="setCategoryGapsPercent" visibility="public">
            </method>
            <method name="getItemGapsPercent" visibility="public">
            </method>
            <method name="setItemGapsPercent" visibility="public">
            </method>
        </class>
    </java-class-file>