
    <java-class-file name="D:\Experiments\Analisi di Sopravvivenza\Progetto16715\ProgettiDaAnalizzare\jfreechart\jfreechart-0.6.0\source\com\jrefinery\chart\ChartFactory.java">
        <package-decl name="com.jrefinery.chart"/>
        <class name="ChartFactory" visibility="public">
            <method name="createVerticalBarChart" visibility="public" static="true">
            </method>
            <method name="createVerticalBarChart3D" visibility="public" static="true">
            </method>
            <method name="createStackedVerticalBarChart" visibility="public" static="true">
            </method>
            <method name="createStackedVerticalBarChart3D" visibility="public" static="true">
            </method>
            <method name="createHorizontalBarChart" visibility="public" static="true">
            </method>
            <method name="createStackedHorizontalBarChart" visibility="public" static="true">
            </method>
            <method name="createLineChart" visibility="public" static="true">
            </method>
            <method name="createPieChart" visibility="public" static="true">
            </method>
            <method name="createXYChart" visibility="public" static="true">
            </method>
            <method name="createScatterPlot" visibility="public" static="true">
            </method>
            <method name="createTimeSeriesChart" visibility="public" static="true">
            </method>
            <method name="createVerticalXYBarChart" visibility="public" static="true">
            </method>
            <method name="createHighLowChart" visibility="public" static="true">
            </method>
        </class>
    </java-class-file>