
    <java-class-file name="D:\Experiments\Analisi di Sopravvivenza\Progetto16715\ProgettiDaAnalizzare\jfreechart\jfreechart-0.6.0\source\com\jrefinery\chart\DateUnit.java">
        <package-decl name="com.jrefinery.chart"/>
        <class name="DateUnit" visibility="public">
            <constructor visibility="public" name="DateUnit">
            </constructor>
            <method name="getField" visibility="public">
            </method>
            <method name="getCount" visibility="public">
            </method>
            <method name="addToDate" visibility="public">
            </method>
        </class>
    </java-class-file>