
    <java-class-file name="D:\Experiments\Analisi di Sopravvivenza\Progetto16715\ProgettiDaAnalizzare\jfreechart\jfreechart-0.6.0\source\com\jrefinery\chart\DateAxis.java">
        <package-decl name="com.jrefinery.chart"/>
        <class name="DateAxis" visibility="public" abstract="true">
            <constructor visibility="public" name="DateAxis">
            </constructor>
            <constructor visibility="public" name="DateAxis">
            </constructor>
            <method name="getMinimumDate" visibility="public">
            </method>
            <method name="setMinimumDate" visibility="public">
            </method>
            <method name="getMaximumDate" visibility="public">
            </method>
            <method name="setMaximumDate" visibility="public">
            </method>
            <method name="getTickUnit" visibility="public">
            </method>
            <method name="setTickUnit" visibility="public">
            </method>
            <method name="getTickLabelFormatter" visibility="public">
            </method>
            <method name="calculateLowestVisibleTickValue" visibility="public">
            </method>
            <method name="calculateHighestVisibleTickValue" visibility="public">
            </method>
            <method name="previousStandardDate" visibility="protected">
            </method>
            <method name="nextStandardDate" visibility="protected">
            </method>
            <method name="findAxisMagnitudeIndex" visibility="protected">
            </method>
        </class>
    </java-class-file>