
    <java-class-file name="D:\Experiments\Analisi di Sopravvivenza\Progetto16715\ProgettiDaAnalizzare\jfreechart\jfreechart-0.6.0\source\com\jrefinery\chart\DateTitle.java">
        <package-decl name="com.jrefinery.chart"/>
        <class name="DateTitle" visibility="public">
            <constructor visibility="public" name="DateTitle">
            </constructor>
            <constructor visibility="public" name="DateTitle">
            </constructor>
            <constructor visibility="public" name="DateTitle">
            </constructor>
            <constructor visibility="public" name="DateTitle">
            </constructor>
            <method name="setDateFormat" visibility="public">
            </method>
        </class>
    </java-class-file>