
    <java-class-file name="D:\Experiments\Analisi di Sopravvivenza\Progetto16715\ProgettiDaAnalizzare\jfreechart\jfreechart-0.6.0\source\com\jrefinery\chart\HighLowPlot.java">
        <package-decl name="com.jrefinery.chart"/>
        <class name="HighLowPlot" visibility="public">
            <constructor visibility="public" name="HighLowPlot">
            </constructor>
            <method name="getDataset" visibility="public">
            </method>
            <method name="getDrawOpenCloseTicks" visibility="public">
            </method>
            <method name="setDrawOpenCloseTicks" visibility="public">
            </method>
            <method name="getHorizontalValueAxis" visibility="public">
            </method>
            <method name="getVerticalValueAxis" visibility="public">
            </method>
            <method name="getLines" visibility="private">
            </method>
            <method name="isCompatibleHorizontalAxis" visibility="public">
            </method>
            <method name="isCompatibleVerticalAxis" visibility="public">
            </method>
            <method name="draw" visibility="public">
            </method>
            <method name="getPlotType" visibility="public">
            </method>
            <method name="getMinimumHorizontalDataValue" visibility="public">
            </method>
            <method name="getMaximumHorizontalDataValue" visibility="public">
            </method>
            <method name="getMinimumVerticalDataValue" visibility="public">
            </method>
            <method name="getMaximumVerticalDataValue" visibility="public">
            </method>
        </class>
    </java-class-file>