
    <java-class-file name="D:\Experiments\Analisi di Sopravvivenza\Progetto16715\ProgettiDaAnalizzare\jfreechart\jfreechart-0.6.0\source\com\jrefinery\chart\HighLow.java">
        <package-decl name="com.jrefinery.chart"/>
        <class name="HighLow" visibility="public">
            <constructor visibility="public" name="HighLow">
            </constructor>
            <constructor visibility="public" name="HighLow">
            </constructor>
            <constructor visibility="public" name="HighLow">
            </constructor>
            <method name="setTickSize" visibility="public">
            </method>
            <method name="getTickSize" visibility="public">
            </method>
            <method name="getLine" visibility="public">
            </method>
            <method name="getValue" visibility="public">
            </method>
            <method name="setValue" visibility="public">
            </method>
            <method name="getOpenTickLine" visibility="public">
            </method>
            <method name="getCloseTickLine" visibility="public">
            </method>
            <method name="getTickLine" visibility="private">
            </method>
            <method name="getStroke" visibility="public">
            </method>
            <method name="getPaint" visibility="public">
            </method>
        </class>
    </java-class-file>