
    <java-class-file name="D:\Experiments\Analisi di Sopravvivenza\Progetto16715\ProgettiDaAnalizzare\jfreechart\jfreechart-0.6.0\source\com\jrefinery\chart\HorizontalDateAxis.java">
        <package-decl name="com.jrefinery.chart"/>
        <class name="HorizontalDateAxis" visibility="public">
            <constructor visibility="public" name="HorizontalDateAxis">
            </constructor>
            <constructor visibility="public" name="HorizontalDateAxis">
            </constructor>
            <constructor visibility="public" name="HorizontalDateAxis">
            </constructor>
            <constructor visibility="public" name="HorizontalDateAxis">
            </constructor>
            <method name="getVerticalTickLabels" visibility="public">
            </method>
            <method name="setVerticalTickLabels" visibility="public">
            </method>
            <method name="configure" visibility="public">
            </method>
            <method name="translatedValue" visibility="public">
            </method>
            <method name="translatedValue" visibility="public">
            </method>
            <method name="autoAdjustRange" visibility="public">
            </method>
            <method name="refreshTicks" visibility="public">
            </method>
            <method name="draw" visibility="public">
            </method>
            <method name="reserveHeight" visibility="public">
            </method>
            <method name="reserveAxisArea" visibility="public">
            </method>
            <method name="calculateAutoTickUnits" visibility="private">
            </method>
            <method name="tickLabelsFit" visibility="private">
            </method>
            <method name="getMaxTickLabelHeight" visibility="private">
            </method>
            <method name="isCompatiblePlot" visibility="protected">
            </method>
        </class>
    </java-class-file>