
    <java-class-file name="D:\Experiments\Analisi di Sopravvivenza\Progetto16715\ProgettiDaAnalizzare\jfreechart\jfreechart-0.6.0\source\com\jrefinery\chart\HorizontalCategoryAxis.java">
        <package-decl name="com.jrefinery.chart"/>
        <class name="HorizontalCategoryAxis" visibility="public">
            <constructor visibility="public" name="HorizontalCategoryAxis">
            </constructor>
            <constructor visibility="public" name="HorizontalCategoryAxis">
            </constructor>
            <method name="getVerticalCategoryLabels" visibility="public">
            </method>
            <method name="setVerticalCategoryLabels" visibility="public">
            </method>
            <method name="draw" visibility="public">
            </method>
            <method name="refreshTicks" visibility="public">
            </method>
            <method name="reserveHeight" visibility="public">
            </method>
            <method name="reserveAxisArea" visibility="public">
            </method>
            <method name="getMaxTickLabelHeight" visibility="private">
            </method>
            <method name="isCompatiblePlot" visibility="protected">
            </method>
            <method name="configure" visibility="public">
            </method>
        </class>
    </java-class-file>