
    <java-class-file name="D:\Experiments\Analisi di Sopravvivenza\Progetto16715\ProgettiDaAnalizzare\jfreechart\jfreechart-0.6.0\source\com\jrefinery\chart\ImageTitle.java">
        <package-decl name="com.jrefinery.chart"/>
        <class name="ImageTitle" visibility="public">
            <constructor visibility="public" name="ImageTitle">
            </constructor>
            <constructor visibility="public" name="ImageTitle">
            </constructor>
            <method name="getTitleImage" visibility="public">
            </method>
            <method name="setTitleImage" visibility="public">
            </method>
            <method name="draw" visibility="public">
            </method>
            <method name="isValidPosition" visibility="public">
            </method>
            <method name="getPreferredWidth" visibility="public">
            </method>
            <method name="getPreferredHeight" visibility="public">
            </method>
            <method name="drawHorizontal" visibility="protected">
            </method>
        </class>
    </java-class-file>