
    <java-class-file name="D:\Experiments\Analisi di Sopravvivenza\Progetto16715\ProgettiDaAnalizzare\jfreechart\jfreechart-0.6.0\source\com\jrefinery\chart\JFreeChart.java">
        <package-decl name="com.jrefinery.chart"/>
        <class name="JFreeChart" visibility="public">
            <constructor visibility="public" name="JFreeChart">
            </constructor>
            <constructor visibility="public" name="JFreeChart">
            </constructor>
            <method name="getTitles" visibility="public">
            </method>
            <method name="setTitles" visibility="public">
            </method>
            <method name="getTitleCount" visibility="public">
            </method>
            <method name="getTitle" visibility="public">
            </method>
            <method name="addTitle" visibility="public">
            </method>
            <method name="getLegend" visibility="public">
            </method>
            <method name="setLegend" visibility="public">
            </method>
            <method name="getLegendItemCount" visibility="public">
            </method>
            <method name="getPlot" visibility="public">
            </method>
            <method name="getDataset" visibility="public">
            </method>
            <method name="setDataset" visibility="public">
            </method>
            <method name="getAntiAlias" visibility="public">
            </method>
            <method name="setAntiAlias" visibility="public">
            </method>
            <method name="getChartBackgroundPaint" visibility="public">
            </method>
            <method name="setChartBackgroundPaint" visibility="public">
            </method>
            <method name="draw" visibility="public">
            </method>
            <method name="addChangeListener" visibility="public">
            </method>
            <method name="removeChangeListener" visibility="public">
            </method>
            <method name="fireChartChanged" visibility="protected">
            </method>
            <method name="notifyListeners" visibility="protected">
            </method>
            <method name="datasetChanged" visibility="public">
            </method>
            <method name="titleChanged" visibility="public">
            </method>
            <method name="legendChanged" visibility="public">
            </method>
            <method name="plotChanged" visibility="public">
            </method>
        </class>
    </java-class-file>