
    <java-class-file name="D:\Experiments\Analisi di Sopravvivenza\Progetto16715\ProgettiDaAnalizzare\jfreechart\jfreechart-0.6.0\source\com\jrefinery\chart\JFreeChartPanel.java">
        <package-decl name="com.jrefinery.chart"/>
        <class name="JFreeChartPanel" visibility="public">
            <constructor visibility="public" name="JFreeChartPanel">
            </constructor>
            <constructor visibility="public" name="JFreeChartPanel">
            </constructor>
            <method name="getChart" visibility="public">
            </method>
            <method name="setChart" visibility="public">
            </method>
            <method name="getMinimumDrawArea" visibility="public">
            </method>
            <method name="setMinimumDrawArea" visibility="public">
            </method>
            <method name="paintComponent" visibility="public">
            </method>
            <method name="chartChanged" visibility="public">
            </method>
            <method name="actionPerformed" visibility="public">
            </method>
            <method name="processMouseEvent" visibility="public">
            </method>
            <method name="attemptEditChartProperties" visibility="private">
            </method>
            <method name="attemptSaveAs" visibility="private">
            </method>
            <method name="saveChartAsPNG" visibility="private">
            </method>
            <method name="createPopupMenu" visibility="protected">
            </method>
            <method name="createChartPrintJob" visibility="public">
            </method>
            <method name="print" visibility="public">
            </method>
        </class>
    </java-class-file>