
    <java-class-file name="D:\Experiments\Analisi di Sopravvivenza\Progetto16715\ProgettiDaAnalizzare\jfreechart\jfreechart-0.6.0\source\com\jrefinery\chart\Legend.java">
        <package-decl name="com.jrefinery.chart"/>
        <class name="Legend" visibility="public" abstract="true">
            <method name="createInstance" visibility="public" static="true">
            </method>
            <constructor visibility="public" name="Legend">
            </constructor>
            <method name="draw" visibility="public" abstract="true">
            </method>
            <method name="addChangeListener" visibility="public">
            </method>
            <method name="removeChangeListener" visibility="public">
            </method>
            <method name="notifyListeners" visibility="protected">
            </method>
            <method name="getAnchor" visibility="public">
            </method>
            <method name="setAnchor" visibility="public">
            </method>
        </class>
    </java-class-file>