
    <java-class-file name="D:\Experiments\Analisi di Sopravvivenza\Progetto16715\ProgettiDaAnalizzare\jfreechart\jfreechart-0.6.0\source\com\jrefinery\chart\LineAndShapeRenderer.java">
        <package-decl name="com.jrefinery.chart"/>
        <class name="LineAndShapeRenderer" visibility="public">
            <constructor visibility="public" name="LineAndShapeRenderer">
            </constructor>
            <constructor visibility="public" name="LineAndShapeRenderer">
            </constructor>
            <method name="drawHorizontalCategoryItem" visibility="public">
            </method>
        </class>
    </java-class-file>