
    <java-class-file name="D:\Experiments\Analisi di Sopravvivenza\Progetto16715\ProgettiDaAnalizzare\jfreechart\jfreechart-0.6.0\source\com\jrefinery\chart\Line.java">
        <package-decl name="com.jrefinery.chart"/>
        <class name="Line" visibility="public">
            <constructor visibility="public" name="Line">
            </constructor>
            <constructor visibility="public" name="Line">
            </constructor>
            <method name="getLine" visibility="public">
            </method>
            <method name="getStroke" visibility="public">
            </method>
            <method name="getPaint" visibility="public">
            </method>
        </class>
    </java-class-file>