
    <java-class-file name="D:\Experiments\Analisi di Sopravvivenza\Progetto16715\ProgettiDaAnalizzare\jfreechart\jfreechart-0.6.0\source\com\jrefinery\chart\LinePlot.java">
        <package-decl name="com.jrefinery.chart"/>
        <class name="LinePlot" visibility="public">
            <constructor visibility="public" name="LinePlot">
            </constructor>
            <method name="getIntroGapPercent" visibility="public">
            </method>
            <method name="setIntroGapPercent" visibility="public">
            </method>
            <method name="getTrailGapPercent" visibility="public">
            </method>
            <method name="setTrailGapPercent" visibility="public">
            </method>
            <method name="getDataset" visibility="public">
            </method>
            <method name="getCategoryAxis" visibility="public">
            </method>
            <method name="getValueAxis" visibility="public">
            </method>
            <method name="getCategories" visibility="public">
            </method>
            <method name="getCategoryCoordinate" visibility="public">
            </method>
            <method name="isCompatibleHorizontalAxis" visibility="public">
            </method>
            <method name="isCompatibleVerticalAxis" visibility="public">
            </method>
            <method name="draw" visibility="public">
            </method>
            <method name="getPlotType" visibility="public">
            </method>
            <method name="getMinimumVerticalDataValue" visibility="public">
            </method>
            <method name="getMaximumVerticalDataValue" visibility="public">
            </method>
        </class>
    </java-class-file>