
    <java-class-file name="D:\Experiments\Analisi di Sopravvivenza\Progetto16715\ProgettiDaAnalizzare\jfreechart\jfreechart-0.6.0\source\com\jrefinery\chart\NumberAxis.java">
        <package-decl name="com.jrefinery.chart"/>
        <class name="NumberAxis" visibility="public" abstract="true">
            <constructor visibility="protected" name="NumberAxis">
            </constructor>
            <constructor visibility="protected" name="NumberAxis">
            </constructor>
            <method name="getMinimumAxisValue" visibility="public">
            </method>
            <method name="setMinimumAxisValue" visibility="public">
            </method>
            <method name="getMaximumAxisValue" visibility="public">
            </method>
            <method name="setMaximumAxisValue" visibility="public">
            </method>
            <method name="autoRangeIncludesZero" visibility="public">
            </method>
            <method name="setAutoRangeIncludesZero" visibility="public">
            </method>
            <method name="getAutoRangeMinimumSize" visibility="public">
            </method>
            <method name="setAutoRangeMinimumSize" visibility="public">
            </method>
            <method name="getUpperMargin" visibility="public">
            </method>
            <method name="setUpperMargin" visibility="public">
            </method>
            <method name="getLowerMargin" visibility="public">
            </method>
            <method name="setLowerMargin" visibility="public">
            </method>
            <method name="getTickUnit" visibility="public">
            </method>
            <method name="valueToString" visibility="public">
            </method>
            <method name="autoAdjustRange" visibility="public" abstract="true">
            </method>
            <method name="translatedValue" visibility="public" abstract="true">
            </method>
            <method name="calculateLowestVisibleTickValue" visibility="public">
            </method>
            <method name="calculateHighestVisibleTickValue" visibility="public">
            </method>
            <method name="calculateVisibleTickCount" visibility="public">
            </method>
            <method name="createStandardTickUnits" visibility="private">
            </method>
        </class>
    </java-class-file>