
    <java-class-file name="D:\Experiments\Analisi di Sopravvivenza\Progetto16715\ProgettiDaAnalizzare\jfreechart\jfreechart-0.6.0\source\com\jrefinery\chart\PiePlot.java">
        <package-decl name="com.jrefinery.chart"/>
        <class name="PiePlot" visibility="public">
            <constructor visibility="public" name="PiePlot">
            </constructor>
            <constructor visibility="public" name="PiePlot">
            </constructor>
            <method name="getInteriorGapPercent" visibility="public">
            </method>
            <method name="setInteriorGapPercent" visibility="public">
            </method>
            <method name="isCircular" visibility="public">
            </method>
            <method name="setCircular" visibility="public">
            </method>
            <method name="getRadiusPercent" visibility="public">
            </method>
            <method name="setRadiusPercent" visibility="public">
            </method>
            <method name="getSectionLabelType" visibility="public">
            </method>
            <method name="setSectionLabelType" visibility="public">
            </method>
            <method name="getSectionLabelFont" visibility="public">
            </method>
            <method name="setSectionLabelFont" visibility="public">
            </method>
            <method name="getSectionLabelPaint" visibility="public">
            </method>
            <method name="setSectionLabelPaint" visibility="public">
            </method>
            <method name="getSectionLabelGapPercent" visibility="public">
            </method>
            <method name="setSectionLabelGapPercent" visibility="public">
            </method>
            <method name="setPercentFormatString" visibility="public">
            </method>
            <method name="getExplodePercent" visibility="public">
            </method>
            <method name="setExplodePercent" visibility="public">
            </method>
            <method name="getDataset" visibility="public">
            </method>
            <method name="getCategories" visibility="public">
            </method>
            <method name="draw" visibility="public">
            </method>
            <method name="drawLabel" visibility="protected">
            </method>
            <method name="getPlotType" visibility="public">
            </method>
            <method name="isCompatibleHorizontalAxis" visibility="public">
            </method>
            <method name="isCompatibleVerticalAxis" visibility="public">
            </method>
            <method name="getArcBounds" visibility="protected">
            </method>
            <method name="calculateLabelLocation" visibility="protected">
            </method>
        </class>
    </java-class-file>