
    <java-class-file name="D:\Experiments\Analisi di Sopravvivenza\Progetto16715\ProgettiDaAnalizzare\jfreechart\jfreechart-0.6.0\source\com\jrefinery\chart\Plot.java">
        <package-decl name="com.jrefinery.chart"/>
        <class name="Plot" visibility="public" abstract="true">
            <constructor visibility="public" name="Plot">
            </constructor>
            <constructor visibility="public" name="Plot">
            </constructor>
            <method name="getChart" visibility="public">
            </method>
            <method name="getAxis" visibility="public">
            </method>
            <method name="getHorizontalAxis" visibility="public">
            </method>
            <method name="getVerticalAxis" visibility="public">
            </method>
            <method name="getInsets" visibility="public">
            </method>
            <method name="setInsets" visibility="public">
            </method>
            <method name="getBackgroundPaint" visibility="public">
            </method>
            <method name="setBackgroundPaint" visibility="public">
            </method>
            <method name="getOutlineStroke" visibility="public">
            </method>
            <method name="setOutlineStroke" visibility="public">
            </method>
            <method name="getOutlinePaint" visibility="public">
            </method>
            <method name="setOutlinePaint" visibility="public">
            </method>
            <method name="setChart" visibility="public">
            </method>
            <method name="setVerticalAxis" visibility="public">
            </method>
            <method name="setHorizontalAxis" visibility="public">
            </method>
            <method name="getSeriesPaint" visibility="public">
            </method>
            <method name="setSeriesPaint" visibility="public">
            </method>
            <method name="getSeriesStroke" visibility="public">
            </method>
            <method name="setSeriesStroke" visibility="public">
            </method>
            <method name="getSeriesOutlinePaint" visibility="public">
            </method>
            <method name="setSeriesOutlinePaint" visibility="public">
            </method>
            <method name="getSeriesOutlineStroke" visibility="public">
            </method>
            <method name="setSeriesOutlineStroke" visibility="public">
            </method>
            <method name="getShape" visibility="public">
            </method>
            <method name="getShape" visibility="public">
            </method>
            <method name="notifyListeners" visibility="public">
            </method>
            <method name="addChangeListener" visibility="public">
            </method>
            <method name="removeChangeListener" visibility="public">
            </method>
            <method name="isCompatibleHorizontalAxis" visibility="public" abstract="true">
            </method>
            <method name="isCompatibleVerticalAxis" visibility="public" abstract="true">
            </method>
            <method name="draw" visibility="public" abstract="true">
            </method>
            <method name="drawOutlineAndBackground" visibility="public">
            </method>
            <method name="axisChanged" visibility="public">
            </method>
            <method name="chartChanged" visibility="public">
            </method>
            <method name="getPlotType" visibility="public" abstract="true">
            </method>
        </class>
    </java-class-file>