
    <java-class-file name="D:\Experiments\Analisi di Sopravvivenza\Progetto16715\ProgettiDaAnalizzare\jfreechart\jfreechart-0.6.0\source\com\jrefinery\chart\StackedVerticalBarRenderer3D.java">
        <package-decl name="com.jrefinery.chart"/>
        <class name="StackedVerticalBarRenderer3D" visibility="public">
            <constructor visibility="public" name="StackedVerticalBarRenderer3D">
            </constructor>
            <method name="barWidthsPerCategory" visibility="public">
            </method>
            <method name="hasItemGaps" visibility="public">
            </method>
            <method name="drawBar" visibility="public">
            </method>
        </class>
    </java-class-file>