
    <java-class-file name="D:\Experiments\Analisi di Sopravvivenza\Progetto16715\ProgettiDaAnalizzare\jfreechart\jfreechart-0.6.0\source\com\jrefinery\chart\StandardTitle.java">
        <package-decl name="com.jrefinery.chart"/>
        <class name="StandardTitle" visibility="public">
            <constructor visibility="public" name="StandardTitle">
            </constructor>
            <constructor visibility="public" name="StandardTitle">
            </constructor>
            <method name="getTitleFont" visibility="public">
            </method>
            <method name="setTitleFont" visibility="public">
            </method>
            <method name="getTitlePaint" visibility="public">
            </method>
            <method name="setTitlePaint" visibility="public">
            </method>
            <method name="draw" visibility="public">
            </method>
        </class>
    </java-class-file>