
    <java-class-file name="D:\Experiments\Analisi di Sopravvivenza\Progetto16715\ProgettiDaAnalizzare\jfreechart\jfreechart-0.6.0\source\com\jrefinery\chart\StandardXYItemRenderer.java">
        <package-decl name="com.jrefinery.chart"/>
        <class name="StandardXYItemRenderer" visibility="public">
            <constructor visibility="public" name="StandardXYItemRenderer">
            </constructor>
            <constructor visibility="public" name="StandardXYItemRenderer">
            </constructor>
            <method name="getPlotShapes" visibility="public">
            </method>
            <method name="getPlotLines" visibility="public">
            </method>
            <method name="drawItem" visibility="public">
            </method>
        </class>
    </java-class-file>