
    <java-class-file name="D:\Experiments\Analisi di Sopravvivenza\Progetto16715\ProgettiDaAnalizzare\jfreechart\jfreechart-0.6.0\source\com\jrefinery\chart\StandardLegend.java">
        <package-decl name="com.jrefinery.chart"/>
        <class name="StandardLegend" visibility="public">
            <constructor visibility="public" name="StandardLegend">
            </constructor>
            <constructor visibility="public" name="StandardLegend">
            </constructor>
            <method name="getBackgroundPaint" visibility="public">
            </method>
            <method name="setBackgroundPaint" visibility="public">
            </method>
            <method name="getOutlineStroke" visibility="public">
            </method>
            <method name="setOutlineStroke" visibility="public">
            </method>
            <method name="getOutlinePaint" visibility="public">
            </method>
            <method name="setOutlinePaint" visibility="public">
            </method>
            <method name="getSeriesFont" visibility="public">
            </method>
            <method name="setSeriesFont" visibility="public">
            </method>
            <method name="getSeriesPaint" visibility="public">
            </method>
            <method name="setSeriesPaint" visibility="public">
            </method>
            <method name="draw" visibility="protected">
            </method>
            <method name="draw" visibility="public">
            </method>
            <method name="getLegendBox" visibility="private">
            </method>
            <method name="createLegendItem" visibility="private">
            </method>
        </class>
        <class name="LegendItem" visibility="protected">
            <constructor visibility="public" name="LegendItem">
            </constructor>
        </class>
    </java-class-file>