
    <java-class-file name="D:\Experiments\Analisi di Sopravvivenza\Progetto16715\ProgettiDaAnalizzare\jfreechart\jfreechart-0.6.0\source\com\jrefinery\chart\TextTitle.java">
        <package-decl name="com.jrefinery.chart"/>
        <class name="TextTitle" visibility="public">
            <constructor visibility="public" name="TextTitle">
            </constructor>
            <constructor visibility="public" name="TextTitle">
            </constructor>
            <constructor visibility="public" name="TextTitle">
            </constructor>
            <constructor visibility="public" name="TextTitle">
            </constructor>
            <constructor visibility="public" name="TextTitle">
            </constructor>
            <method name="getFont" visibility="public">
            </method>
            <method name="setFont" visibility="public">
            </method>
            <method name="getPaint" visibility="public">
            </method>
            <method name="setPaint" visibility="public">
            </method>
            <method name="getText" visibility="public">
            </method>
            <method name="setText" visibility="public">
            </method>
            <method name="isValidPosition" visibility="public">
            </method>
            <method name="getPreferredWidth" visibility="public">
            </method>
            <method name="getPreferredHeight" visibility="public">
            </method>
            <method name="draw" visibility="public">
            </method>
            <method name="drawHorizontal" visibility="protected">
            </method>
        </class>
    </java-class-file>