
    <java-class-file name="D:\Experiments\Analisi di Sopravvivenza\Progetto16715\ProgettiDaAnalizzare\jfreechart\jfreechart-0.6.0\source\com\jrefinery\chart\TickUnits.java">
        <package-decl name="com.jrefinery.chart"/>
        <class name="TickUnits" visibility="public">
            <constructor visibility="public" name="TickUnits">
            </constructor>
            <method name="add" visibility="public">
            </method>
            <method name="getNearestTickUnit" visibility="public">
            </method>
            <method name="getNearestTickUnit" visibility="public">
            </method>
        </class>
    </java-class-file>