
    <java-class-file name="D:\Experiments\Analisi di Sopravvivenza\Progetto16715\ProgettiDaAnalizzare\jfreechart\jfreechart-0.6.0\source\com\jrefinery\chart\TickUnit.java">
        <package-decl name="com.jrefinery.chart"/>
        <class name="TickUnit" visibility="public" abstract="true">
            <constructor visibility="public" name="TickUnit">
            </constructor>
            <method name="getValue" visibility="public">
            </method>
            <method name="compareTo" visibility="public" abstract="true">
            </method>
        </class>
    </java-class-file>