
    <java-class-file name="D:\Experiments\Analisi di Sopravvivenza\Progetto16715\ProgettiDaAnalizzare\jfreechart\jfreechart-0.6.0\source\com\jrefinery\chart\Tick.java">
        <package-decl name="com.jrefinery.chart"/>
        <class name="Tick" visibility="public">
            <constructor visibility="public" name="Tick">
            </constructor>
            <constructor visibility="public" name="Tick">
            </constructor>
            <method name="getNumericalValue" visibility="public">
            </method>
            <method name="getText" visibility="public">
            </method>
            <method name="getX" visibility="public">
            </method>
            <method name="getY" visibility="public">
            </method>
        </class>
    </java-class-file>