
    <java-class-file name="D:\Experiments\Analisi di Sopravvivenza\Progetto16715\ProgettiDaAnalizzare\jfreechart\jfreechart-0.6.0\source\com\jrefinery\chart\Title.java">
        <package-decl name="com.jrefinery.chart"/>
        <class name="Title" visibility="public" abstract="true">
            <method name="createInstance" visibility="public" static="true">
            </method>
            <constructor visibility="protected" name="Title">
            </constructor>
            <method name="getTitle" visibility="public">
            </method>
            <method name="setTitle" visibility="public">
            </method>
            <method name="addChangeListener" visibility="public">
            </method>
            <method name="removeChangeListener" visibility="public">
            </method>
            <method name="draw" visibility="public" abstract="true">
            </method>
            <method name="notifyListeners" visibility="protected">
            </method>
        </class>
    </java-class-file>