
    <java-class-file name="D:\Experiments\Analisi di Sopravvivenza\Progetto16715\ProgettiDaAnalizzare\jfreechart\jfreechart-0.6.0\source\com\jrefinery\chart\ValueAxis.java">
        <package-decl name="com.jrefinery.chart"/>
        <class name="ValueAxis" visibility="public" abstract="true">
            <constructor visibility="public" name="ValueAxis">
            </constructor>
            <constructor visibility="public" name="ValueAxis">
            </constructor>
            <method name="isAutoRange" visibility="public">
            </method>
            <method name="setAutoRange" visibility="public">
            </method>
            <method name="isAutoTickUnit" visibility="public">
            </method>
            <method name="setAutoTickValue" visibility="public">
            </method>
            <method name="isShowGridLines" visibility="public">
            </method>
            <method name="setShowGridLines" visibility="public">
            </method>
            <method name="getGridStroke" visibility="public">
            </method>
            <method name="setGridStroke" visibility="public">
            </method>
            <method name="getGridPaint" visibility="public">
            </method>
            <method name="setGridPaint" visibility="public">
            </method>
            <method name="autoAdjustRange" visibility="public" abstract="true">
            </method>
            <method name="translatedValue" visibility="public" abstract="true">
            </method>
        </class>
    </java-class-file>