
    <java-class-file name="D:\Experiments\Analisi di Sopravvivenza\Progetto16715\ProgettiDaAnalizzare\jfreechart\jfreechart-0.6.0\source\com\jrefinery\chart\VerticalBarPlot3D.java">
        <package-decl name="com.jrefinery.chart"/>
        <class name="VerticalBarPlot3D" visibility="public">
            <constructor visibility="public" name="VerticalBarPlot3D">
            </constructor>
            <constructor visibility="public" name="VerticalBarPlot3D">
            </constructor>
            <method name="isCompatibleVerticalAxis" visibility="public">
            </method>
            <method name="calculateBackgroundPlotArea" visibility="protected">
            </method>
            <method name="drawBars" visibility="protected">
            </method>
            <method name="getPlotType" visibility="public">
            </method>
        </class>
    </java-class-file>