
    <java-class-file name="D:\Experiments\Analisi di Sopravvivenza\Progetto16715\ProgettiDaAnalizzare\jfreechart\jfreechart-0.6.0\source\com\jrefinery\chart\VerticalXYBarPlot.java">
        <package-decl name="com.jrefinery.chart"/>
        <class name="VerticalXYBarPlot" visibility="public">
            <constructor visibility="public" name="VerticalXYBarPlot">
            </constructor>
            <constructor visibility="public" name="VerticalXYBarPlot">
            </constructor>
            <method name="getDomainAxis" visibility="public">
            </method>
            <method name="getRangeAxis" visibility="public">
            </method>
            <method name="isCompatibleHorizontalAxis" visibility="public">
            </method>
            <method name="isCompatibleVerticalAxis" visibility="public">
            </method>
            <method name="draw" visibility="public">
            </method>
            <method name="drawBar" visibility="private">
            </method>
            <method name="getMinimumHorizontalDataValue" visibility="public">
            </method>
            <method name="getMaximumHorizontalDataValue" visibility="public">
            </method>
            <method name="getMinimumVerticalDataValue" visibility="public">
            </method>
            <method name="getMaximumVerticalDataValue" visibility="public">
            </method>
            <method name="getPlotType" visibility="public">
            </method>
        </class>
    </java-class-file>