
    <java-class-file name="D:\Experiments\Analisi di Sopravvivenza\Progetto16715\ProgettiDaAnalizzare\jfreechart\jfreechart-0.6.0\source\com\jrefinery\chart\VerticalNumberAxis.java">
        <package-decl name="com.jrefinery.chart"/>
        <class name="VerticalNumberAxis" visibility="public">
            <constructor visibility="public" name="VerticalNumberAxis">
            </constructor>
            <constructor visibility="public" name="VerticalNumberAxis">
            </constructor>
            <constructor visibility="public" name="VerticalNumberAxis">
            </constructor>
            <constructor visibility="public" name="VerticalNumberAxis">
            </constructor>
            <method name="isLabelDrawnVertical" visibility="public">
            </method>
            <method name="setLabelDrawnVertical" visibility="public">
            </method>
            <method name="configure" visibility="public">
            </method>
            <method name="translatedValue" visibility="public">
            </method>
            <method name="autoAdjustRange" visibility="public">
            </method>
            <method name="draw" visibility="public">
            </method>
            <method name="reserveWidth" visibility="public">
            </method>
            <method name="reserveAxisArea" visibility="public">
            </method>
            <method name="selectAutoTickUnit" visibility="private">
            </method>
            <method name="refreshTicks" visibility="public">
            </method>
            <method name="isCompatiblePlot" visibility="protected">
            </method>
        </class>
    </java-class-file>