
    <java-class-file name="D:\Experiments\Analisi di Sopravvivenza\Progetto16715\ProgettiDaAnalizzare\jfreechart\jfreechart-0.6.0\source\com\jrefinery\chart\VerticalNumberAxis3D.java">
        <package-decl name="com.jrefinery.chart"/>
        <class name="VerticalNumberAxis3D" visibility="public">
            <constructor visibility="public" name="VerticalNumberAxis3D">
            </constructor>
            <constructor visibility="public" name="VerticalNumberAxis3D">
            </constructor>
            <constructor visibility="public" name="VerticalNumberAxis3D">
            </constructor>
            <constructor visibility="public" name="VerticalNumberAxis3D">
            </constructor>
            <method name="getEffect3d" visibility="public">
            </method>
            <method name="draw" visibility="public">
            </method>
        </class>
    </java-class-file>