
    <java-class-file name="D:\Experiments\Analisi di Sopravvivenza\Progetto16715\ProgettiDaAnalizzare\jfreechart\jfreechart-0.6.0\source\com\jrefinery\chart\VerticalCategoryAxis.java">
        <package-decl name="com.jrefinery.chart"/>
        <class name="VerticalCategoryAxis" visibility="public">
            <constructor visibility="public" name="VerticalCategoryAxis">
            </constructor>
            <constructor visibility="public" name="VerticalCategoryAxis">
            </constructor>
            <method name="draw" visibility="public">
            </method>
            <method name="refreshTicks" visibility="public">
            </method>
            <method name="reserveWidth" visibility="public">
            </method>
            <method name="reserveAxisArea" visibility="public">
            </method>
            <method name="isCompatiblePlot" visibility="protected">
            </method>
            <method name="configure" visibility="public">
            </method>
        </class>
    </java-class-file>