
    <java-class-file name="D:\Experiments\Analisi di Sopravvivenza\Progetto16715\ProgettiDaAnalizzare\jfreechart\jfreechart-0.6.0\source\com\jrefinery\chart\VerticalBarRenderer.java">
        <package-decl name="com.jrefinery.chart"/>
        <class name="VerticalBarRenderer" visibility="public">
            <method name="hasItemGaps" visibility="public">
            </method>
            <method name="barWidthsPerCategory" visibility="public">
            </method>
            <method name="drawBar" visibility="public">
            </method>
        </class>
    </java-class-file>