
    <java-class-file name="D:\Experiments\Analisi di Sopravvivenza\Progetto16715\ProgettiDaAnalizzare\jfreechart\jfreechart-0.6.0\source\com\jrefinery\chart\VerticalBarPlot.java">
        <package-decl name="com.jrefinery.chart"/>
        <class name="VerticalBarPlot" visibility="public">
            <constructor visibility="public" name="VerticalBarPlot">
            </constructor>
            <constructor visibility="public" name="VerticalBarPlot">
            </constructor>
            <method name="setRenderer" visibility="public">
            </method>
            <method name="getDataset" visibility="public">
            </method>
            <method name="getValueAxis" visibility="public">
            </method>
            <method name="setVerticalAxis" visibility="public">
            </method>
            <method name="getCategoryAxis" visibility="public">
            </method>
            <method name="setHorizontalAxis" visibility="public">
            </method>
            <method name="getCategories" visibility="public">
            </method>
            <method name="getCategoryCoordinate" visibility="public">
            </method>
            <method name="isCompatibleHorizontalAxis" visibility="public">
            </method>
            <method name="isCompatibleVerticalAxis" visibility="public">
            </method>
            <method name="draw" visibility="public">
            </method>
            <method name="calculateBackgroundPlotArea" visibility="protected">
            </method>
            <method name="drawBars" visibility="protected">
            </method>
            <method name="drawOutlineAndBackground" visibility="public">
            </method>
            <method name="calculateBarWidth" visibility="protected">
            </method>
            <method name="getPlotType" visibility="public">
            </method>
            <method name="getMinimumVerticalDataValue" visibility="public">
            </method>
            <method name="getMaximumVerticalDataValue" visibility="public">
            </method>
        </class>
    </java-class-file>