
    <java-class-file name="D:\Experiments\Analisi di Sopravvivenza\Progetto16715\ProgettiDaAnalizzare\jfreechart\jfreechart-0.6.0\source\com\jrefinery\chart\XYPlot.java">
        <package-decl name="com.jrefinery.chart"/>
        <class name="XYPlot" visibility="public">
            <constructor visibility="public" name="XYPlot">
            </constructor>
            <method name="getItemRenderer" visibility="public">
            </method>
            <method name="setXYItemRenderer" visibility="public">
            </method>
            <method name="getDataset" visibility="public">
            </method>
            <method name="addVerticalLine" visibility="public">
            </method>
            <method name="addVerticalLine" visibility="public">
            </method>
            <method name="addHorizontalLine" visibility="public">
            </method>
            <method name="addHorizontalLine" visibility="public">
            </method>
            <method name="getHorizontalValueAxis" visibility="public">
            </method>
            <method name="getVerticalValueAxis" visibility="public">
            </method>
            <method name="isCompatibleHorizontalAxis" visibility="public">
            </method>
            <method name="isCompatibleVerticalAxis" visibility="public">
            </method>
            <method name="draw" visibility="public">
            </method>
            <method name="drawVerticalLines" visibility="private">
            </method>
            <method name="drawHorizontalLines" visibility="private">
            </method>
            <method name="getPlotType" visibility="public">
            </method>
            <method name="getMinimumHorizontalDataValue" visibility="public">
            </method>
            <method name="getMaximumHorizontalDataValue" visibility="public">
            </method>
            <method name="getMinimumVerticalDataValue" visibility="public">
            </method>
            <method name="getMaximumVerticalDataValue" visibility="public">
            </method>
        </class>
    </java-class-file>