
    <java-class-file name="D:\Experiments\Analisi di Sopravvivenza\Progetto16715\ProgettiDaAnalizzare\jhotdraw\JHotDraw 7.4.1\JHotDraw 7.4.1\Source\jhotdraw7\src\main\java\org\jhotdraw\draw\connector\AbstractConnector.java">
        <package-decl name="org.jhotdraw.draw.connector"/>
        <class name="AbstractConnector" visibility="public">
            <constructor visibility="public" name="AbstractConnector">
            </constructor>
            <constructor visibility="public" name="AbstractConnector">
            </constructor>
            <method name="setConnectToDecorator" visibility="public">
            </method>
            <method name="isConnectToDecorator" visibility="public">
            </method>
            <method name="getConnectorTarget" visibility="protected" final="true">
            </method>
            <method name="contains" visibility="public">
            </method>
            <method name="findStart" visibility="public">
            </method>
            <method name="findEnd" visibility="public">
            </method>
            <method name="findPoint" visibility="protected">
            </method>
            <method name="getOwner" visibility="public">
            </method>
            <method name="setOwner" visibility="protected">
            </method>
            <method name="clone" visibility="public">
            </method>
            <method name="updateStartLocation" visibility="public">
            </method>
            <method name="updateEndLocation" visibility="public">
            </method>
            <method name="getAnchor" visibility="public">
            </method>
            <method name="updateAnchor" visibility="public">
            </method>
            <method name="getBounds" visibility="public">
            </method>
            <method name="read" visibility="public">
            </method>
            <method name="write" visibility="public">
            </method>
            <method name="getDrawingArea" visibility="public">
            </method>
            <method name="draw" visibility="public">
            </method>
        </class>
    </java-class-file>