
    <java-class-file name="D:\Experiments\Analisi di Sopravvivenza\Progetto16715\ProgettiDaAnalizzare\jhotdraw\JHotDraw 7.4.1\JHotDraw 7.4.1\Source\jhotdraw7\src\main\java\org\jhotdraw\draw\connector\ChopTriangleConnector.java">
        <package-decl name="org.jhotdraw.draw.connector"/>
        <class name="ChopTriangleConnector" visibility="public">
            <constructor visibility="public" name="ChopTriangleConnector">
            </constructor>
            <constructor visibility="public" name="ChopTriangleConnector">
            </constructor>
            <method name="chop" visibility="protected">
            </method>
        </class>
    </java-class-file>