
    <java-class-file name="D:\Experiments\Analisi di Sopravvivenza\Progetto16715\ProgettiDaAnalizzare\jhotdraw\JHotDraw 7.4.1\JHotDraw 7.4.1\Source\jhotdraw7\src\main\java\org\jhotdraw\draw\connector\Connector.java">
        <package-decl name="org.jhotdraw.draw.connector"/>
            <method name="findStart" visibility="public">
            </method>
            <method name="findEnd" visibility="public">
            </method>
            <method name="getOwner" visibility="public">
            </method>
            <method name="getAnchor" visibility="public">
            </method>
            <method name="getBounds" visibility="public">
            </method>
            <method name="updateAnchor" visibility="public">
            </method>
            <method name="contains" visibility="public">
            </method>
            <method name="clone" visibility="public">
            </method>
            <method name="getDrawingArea" visibility="public">
            </method>
            <method name="draw" visibility="public">
            </method>
    </java-class-file>