
    <java-class-file name="D:\Experiments\Analisi di Sopravvivenza\Progetto16715\ProgettiDaAnalizzare\jhotdraw\JHotDraw 7.4.1\JHotDraw 7.4.1\Source\jhotdraw7\src\main\java\org\jhotdraw\draw\connector\LocatorConnector.java">
        <package-decl name="org.jhotdraw.draw.connector"/>
        <class name="LocatorConnector" visibility="public">
            <constructor visibility="public" name="LocatorConnector">
            </constructor>
            <constructor visibility="public" name="LocatorConnector">
            </constructor>
            <method name="getLocator" visibility="public">
            </method>
            <method name="locate" visibility="protected">
            </method>
            <method name="contains" visibility="public">
            </method>
            <method name="getBounds" visibility="public">
            </method>
            <method name="read" visibility="public">
            </method>
            <method name="write" visibility="public">
            </method>
        </class>
    </java-class-file>