
    <java-class-file name="D:\Experiments\Analisi di Sopravvivenza\Progetto16715\ProgettiDaAnalizzare\jhotdraw\JHotDraw 7.4.1\JHotDraw 7.4.1\Source\jhotdraw7\src\main\java\org\jhotdraw\draw\connector\StickyRectangleConnector.java">
        <package-decl name="org.jhotdraw.draw.connector"/>
        <class name="StickyRectangleConnector" visibility="public">
            <constructor visibility="public" name="StickyRectangleConnector">
            </constructor>
            <constructor visibility="public" name="StickyRectangleConnector">
            </constructor>
            <method name="draw" visibility="public">
            </method>
            <method name="setAngle" visibility="public">
            </method>
            <method name="getAngle" visibility="public">
            </method>
            <constructor visibility="public" name="StickyRectangleConnector">
            </constructor>
            <method name="updateAnchor" visibility="public">
            </method>
            <method name="getAnchor" visibility="public">
            </method>
            <method name="chop" visibility="protected">
            </method>
            <method name="getParameters" visibility="public">
            </method>
            <method name="read" visibility="public">
            </method>
            <method name="write" visibility="public">
            </method>
        </class>
    </java-class-file>