
    <java-class-file name="D:\Experiments\Analisi di Sopravvivenza\Progetto16715\ProgettiDaAnalizzare\jhotdraw\JHotDraw 7.4.1\JHotDraw 7.4.1\Source\jhotdraw7\src\main\java\org\jhotdraw\app\action\edit\DeleteAction.java">
        <package-decl name="org.jhotdraw.app.action.edit"/>
        <class name="DeleteAction" visibility="public">
            <constructor visibility="public" name="DeleteAction">
            </constructor>
            <constructor visibility="public" name="DeleteAction">
                                        <method name="propertyChange" visibility="public">
                                        </method>
            </constructor>
            <method name="actionPerformed" visibility="public">
            </method>
            <method name="deleteNextChar" visibility="public">
            </method>
        </class>
    </java-class-file>