
    <java-class-file name="D:\Experiments\Analisi di Sopravvivenza\Progetto16715\ProgettiDaAnalizzare\jhotdraw\JHotDraw 7.4.1\JHotDraw 7.4.1\Source\jhotdraw7\src\main\java\org\jhotdraw\app\action\edit\RedoAction.java">
        <package-decl name="org.jhotdraw.app.action.edit"/>
        <class name="RedoAction" visibility="public">
                        <method name="propertyChange" visibility="public">
                        </method>
            <constructor visibility="public" name="RedoAction">
            </constructor>
            <method name="updateEnabledState" visibility="protected">
            </method>
            <method name="updateView" visibility="protected">
            </method>
            <method name="installViewListeners" visibility="protected">
            </method>
            <method name="uninstallViewListeners" visibility="protected">
            </method>
            <method name="actionPerformed" visibility="public">
            </method>
            <method name="getRealRedoAction" visibility="private">
            </method>
        </class>
    </java-class-file>