
    <java-class-file name="D:\Experiments\Analisi di Sopravvivenza\Progetto16715\ProgettiDaAnalizzare\jhotdraw\JHotDraw 7.4.1\JHotDraw 7.4.1\Source\jhotdraw7\src\main\java\org\jhotdraw\app\action\edit\SelectAllAction.java">
        <package-decl name="org.jhotdraw.app.action.edit"/>
        <class name="SelectAllAction" visibility="public">
            <constructor visibility="public" name="SelectAllAction">
            </constructor>
            <constructor visibility="public" name="SelectAllAction">
            </constructor>
            <method name="actionPerformed" visibility="public">
            </method>
            <method name="updateEnabled" visibility="protected">
            </method>
        </class>
    </java-class-file>