
    <java-class-file name="D:\Experiments\Analisi di Sopravvivenza\Progetto16715\ProgettiDaAnalizzare\jhotdraw\JHotDraw 7.4.1\JHotDraw 7.4.1\Source\jhotdraw7\src\main\java\org\jhotdraw\app\action\file\ClearFileAction.java">
        <package-decl name="org.jhotdraw.app.action.file"/>
        <class name="ClearFileAction" visibility="public">
            <constructor visibility="public" name="ClearFileAction">
            </constructor>
            <method name="doIt" visibility="public">
                                    <method name="construct" visibility="public">
                                    </method>
                                    <method name="finished" visibility="public">
                                    </method>
            </method>
        </class>
    </java-class-file>