
    <java-class-file name="D:\Experiments\Analisi di Sopravvivenza\Progetto16715\ProgettiDaAnalizzare\jhotdraw\JHotDraw 7.4.1\JHotDraw 7.4.1\Source\jhotdraw7\src\main\java\org\jhotdraw\app\action\file\ClearRecentFilesMenuAction.java">
        <package-decl name="org.jhotdraw.app.action.file"/>
        <class name="ClearRecentFilesMenuAction" visibility="public">
            <constructor visibility="public" name="ClearRecentFilesMenuAction">
            </constructor>
            <method name="installApplicationListeners" visibility="protected">
            </method>
            <method name="createApplicationListener" visibility="private">
                                <method name="propertyChange" visibility="public">
                                </method>
            </method>
            <method name="uninstallApplicationListeners" visibility="protected">
            </method>
            <method name="actionPerformed" visibility="public">
            </method>
            <method name="updateEnabled" visibility="private">
            </method>
        </class>
    </java-class-file>