
    <java-class-file name="D:\Experiments\Analisi di Sopravvivenza\Progetto16715\ProgettiDaAnalizzare\jhotdraw\JHotDraw 7.4.1\JHotDraw 7.4.1\Source\jhotdraw7\src\main\java\org\jhotdraw\app\action\file\ExportFileAction.java">
        <package-decl name="org.jhotdraw.app.action.file"/>
        <class name="ExportFileAction" visibility="public">
            <constructor visibility="public" name="ExportFileAction">
            </constructor>
            <method name="actionPerformed" visibility="public">
                                                <method name="optionSelected" visibility="public">
                                                </method>
            </method>
            <method name="exportView" visibility="protected">
                                    <method name="construct" visibility="protected">
                                    </method>
                                    <method name="failed" visibility="protected">
                                    </method>
                                    <method name="finished" visibility="protected">
                                    </method>
            </method>
        </class>
    </java-class-file>