
    <java-class-file name="D:\Experiments\Analisi di Sopravvivenza\Progetto16715\ProgettiDaAnalizzare\jhotdraw\JHotDraw 7.4.1\JHotDraw 7.4.1\Source\jhotdraw7\src\main\java\org\jhotdraw\app\action\file\NewFileAction.java">
        <package-decl name="org.jhotdraw.app.action.file"/>
        <class name="NewFileAction" visibility="public">
            <constructor visibility="public" name="NewFileAction">
            </constructor>
            <constructor visibility="public" name="NewFileAction">
            </constructor>
            <method name="actionPerformed" visibility="public">
                                    <method name="run" visibility="public">
                                    </method>
            </method>
        </class>
    </java-class-file>