
    <java-class-file name="D:\Experiments\Analisi di Sopravvivenza\Progetto16715\ProgettiDaAnalizzare\jhotdraw\JHotDraw 7.4.1\JHotDraw 7.4.1\Source\jhotdraw7\src\main\java\org\jhotdraw\app\action\file\OpenRecentFileAction.java">
        <package-decl name="org.jhotdraw.app.action.file"/>
        <class name="OpenRecentFileAction" visibility="public">
            <constructor visibility="public" name="OpenRecentFileAction">
            </constructor>
            <method name="actionPerformed" visibility="public">
            </method>
            <method name="openView" visibility="protected">
                                    <method name="construct" visibility="protected">
                                    </method>
                                    <method name="done" visibility="protected">
                                    </method>
                                    <method name="failed" visibility="protected">
                                                            <method name="optionSelected" visibility="public">
                                                            </method>
                                    </method>
            </method>
        </class>
    </java-class-file>