
    <java-class-file name="D:\Experiments\Analisi di Sopravvivenza\Progetto16715\ProgettiDaAnalizzare\jhotdraw\JHotDraw 7.4.1\JHotDraw 7.4.1\Source\jhotdraw7\src\main\java\org\jhotdraw\app\action\file\OpenFileAction.java">
        <package-decl name="org.jhotdraw.app.action.file"/>
        <class name="OpenFileAction" visibility="public">
            <constructor visibility="public" name="OpenFileAction">
            </constructor>
            <method name="getChooser" visibility="protected">
            </method>
            <method name="actionPerformed" visibility="public">
            </method>
            <method name="openViewFromURI" visibility="protected">
                                    <method name="construct" visibility="public">
                                    </method>
                                    <method name="done" visibility="protected">
                                    </method>
                                    <method name="failed" visibility="protected">
                                    </method>
            </method>
            <method name="showDialog" visibility="public">
                                    <method name="windowClosing" visibility="public">
                                    </method>
                                    <method name="actionPerformed" visibility="public">
                                    </method>
            </method>
            <method name="createDialog" visibility="protected">
            </method>
        </class>
    </java-class-file>