
    <java-class-file name="D:\Experiments\Analisi di Sopravvivenza\Progetto16715\ProgettiDaAnalizzare\jhotdraw\JHotDraw 7.4.1\JHotDraw 7.4.1\Source\jhotdraw7\src\main\java\org\jhotdraw\app\action\file\PrintFileAction.java">
        <package-decl name="org.jhotdraw.app.action.file"/>
        <class name="PrintFileAction" visibility="public">
            <constructor visibility="public" name="PrintFileAction">
            </constructor>
            <method name="actionPerformed" visibility="public">
            </method>
            <method name="printJava2D" visibility="public">
            </method>
            <method name="printJava2DAlternative" visibility="public">
            </method>
            <method name="printQuartz" visibility="public">
                                    <method name="construct" visibility="protected">
                                    </method>
                                    <method name="failed" visibility="protected">
                                    </method>
                                    <method name="finished" visibility="protected">
                                    </method>
            </method>
            <method name="isEnabled" visibility="public">
            </method>
        </class>
    </java-class-file>