
    <java-class-file name="D:\Experiments\Analisi di Sopravvivenza\Progetto16715\ProgettiDaAnalizzare\jhotdraw\JHotDraw 7.4.1\JHotDraw 7.4.1\Source\jhotdraw7\src\main\java\org\jhotdraw\app\action\window\FocusWindowAction.java">
        <package-decl name="org.jhotdraw.app.action.window"/>
        <class name="FocusWindowAction" visibility="public">
            <constructor visibility="public" name="FocusWindowAction">
                                    <method name="propertyChange" visibility="public">
                                    </method>
            </constructor>
            <method name="dispose" visibility="public">
            </method>
            <method name="setView" visibility="public">
            </method>
            <method name="getValue" visibility="public">
            </method>
            <method name="getTitle" visibility="private">
            </method>
            <method name="getFrame" visibility="private">
            </method>
            <method name="getRootPaneContainer" visibility="private">
            </method>
            <method name="actionPerformed" visibility="public">
            </method>
        </class>
    </java-class-file>