
    <java-class-file name="D:\Experiments\Analisi di Sopravvivenza\Progetto16715\ProgettiDaAnalizzare\jhotdraw\JHotDraw 7.4.1\JHotDraw 7.4.1\Source\jhotdraw7\src\main\java\org\jhotdraw\app\action\window\MinimizeWindowAction.java">
        <package-decl name="org.jhotdraw.app.action.window"/>
        <class name="MinimizeWindowAction" visibility="public">
            <constructor visibility="public" name="MinimizeWindowAction">
            </constructor>
            <method name="getFrame" visibility="private">
            </method>
            <method name="actionPerformed" visibility="public">
            </method>
        </class>
    </java-class-file>