
    <java-class-file name="D:\Experiments\Analisi di Sopravvivenza\Progetto16715\ProgettiDaAnalizzare\jhotdraw\JHotDraw 7.4.1\JHotDraw 7.4.1\Source\jhotdraw7\src\main\java\org\jhotdraw\app\action\window\ToggleVisibleAction.java">
        <package-decl name="org.jhotdraw.app.action.window"/>
        <class name="ToggleVisibleAction" visibility="public">
            <constructor visibility="public" name="ToggleVisibleAction">
                                <method name="componentShown" visibility="public">
                                </method>
                                <method name="componentHidden" visibility="public">
                                </method>
            </constructor>
            <method name="actionPerformed" visibility="public">
            </method>
        </class>
    </java-class-file>