
    <java-class-file name="D:\Experiments\Analisi di Sopravvivenza\Progetto16715\ProgettiDaAnalizzare\jhotdraw\JHotDraw 7.4.1\JHotDraw 7.4.1\Source\jhotdraw7\src\main\java\org\jhotdraw\app\action\window\ToggleToolBarAction.java">
        <package-decl name="org.jhotdraw.app.action.window"/>
        <class name="ToggleToolBarAction" visibility="public">
            <constructor visibility="public" name="ToggleToolBarAction">
                            <method name="propertyChange" visibility="public">
                            </method>
            </constructor>
            <method name="putValue" visibility="public">
            </method>
            <method name="setToolBar" visibility="public">
            </method>
            <method name="actionPerformed" visibility="public">
            </method>
        </class>
    </java-class-file>