
    <java-class-file name="D:\Experiments\Analisi di Sopravvivenza\Progetto16715\ProgettiDaAnalizzare\jhotdraw\JHotDraw 7.4.1\JHotDraw 7.4.1\Source\jhotdraw7\src\main\java\org\jhotdraw\draw\action\AbstractSelectedAction.java">
        <package-decl name="org.jhotdraw.draw.action"/>
        <class name="AbstractSelectedAction" visibility="public" abstract="true">
            <class name="EventHandler" visibility="private">
                <method name="propertyChange" visibility="public">
                </method>
                <method name="toString" visibility="public">
                </method>
                <method name="selectionChanged" visibility="public">
                </method>
            </class>
            <constructor visibility="public" name="AbstractSelectedAction">
            </constructor>
            <method name="updateEnabledState" visibility="protected">
            </method>
            <method name="dispose" visibility="public">
            </method>
            <method name="setEditor" visibility="public">
            </method>
            <method name="getEditor" visibility="public">
            </method>
            <method name="getView" visibility="protected">
            </method>
            <method name="getDrawing" visibility="protected">
            </method>
            <method name="fireUndoableEditHappened" visibility="protected">
            </method>
            <method name="setUpdateEnabledState" visibility="public">
            </method>
            <method name="isUpdatEnabledState" visibility="public">
            </method>
            <method name="unregisterEventHandler" visibility="private">
            </method>
            <method name="registerEventHandler" visibility="private">
            </method>
        </class>
    </java-class-file>