
    <java-class-file name="D:\Experiments\Analisi di Sopravvivenza\Progetto16715\ProgettiDaAnalizzare\jhotdraw\JHotDraw 7.4.1\JHotDraw 7.4.1\Source\jhotdraw7\src\main\java\org\jhotdraw\draw\action\AlignAction.java">
        <package-decl name="org.jhotdraw.draw.action"/>
        <class name="AlignAction" visibility="public" abstract="true">
            <constructor visibility="public" name="AlignAction">
            </constructor>
            <method name="updateEnabledState" visibility="public">
            </method>
            <method name="actionPerformed" visibility="public">
            </method>
            <method name="alignFigures" visibility="protected" abstract="true">
            </method>
            <method name="getSelectionBounds" visibility="protected">
            </method>
            <class name="North" visibility="public" static="true">
                <constructor visibility="public" name="North">
                </constructor>
                <constructor visibility="public" name="North">
                </constructor>
                <method name="alignFigures" visibility="protected">
                </method>
            </class>
            <class name="East" visibility="public" static="true">
                <constructor visibility="public" name="East">
                </constructor>
                <constructor visibility="public" name="East">
                </constructor>
                <method name="alignFigures" visibility="protected">
                </method>
            </class>
            <class name="West" visibility="public" static="true">
                <constructor visibility="public" name="West">
                </constructor>
                <constructor visibility="public" name="West">
                </constructor>
                <method name="alignFigures" visibility="protected">
                </method>
            </class>
            <class name="South" visibility="public" static="true">
                <constructor visibility="public" name="South">
                </constructor>
                <constructor visibility="public" name="South">
                </constructor>
                <method name="alignFigures" visibility="protected">
                </method>
            </class>
            <class name="Vertical" visibility="public" static="true">
                <constructor visibility="public" name="Vertical">
                </constructor>
                <constructor visibility="public" name="Vertical">
                </constructor>
                <method name="alignFigures" visibility="protected">
                </method>
            </class>
            <class name="Horizontal" visibility="public" static="true">
                <constructor visibility="public" name="Horizontal">
                </constructor>
                <constructor visibility="public" name="Horizontal">
                </constructor>
                <method name="alignFigures" visibility="protected">
                </method>
            </class>
        </class>
    </java-class-file>