
    <java-class-file name="D:\Experiments\Analisi di Sopravvivenza\Progetto16715\ProgettiDaAnalizzare\jhotdraw\JHotDraw 7.4.1\JHotDraw 7.4.1\Source\jhotdraw7\src\main\java\org\jhotdraw\draw\action\AttributeToggler.java">
        <package-decl name="org.jhotdraw.draw.action"/>
        <class name="AttributeToggler" visibility="public">
            <constructor visibility="public" name="AttributeToggler">
            </constructor>
            <constructor visibility="public" name="AttributeToggler">
            </constructor>
            <method name="getView" visibility="public">
            </method>
            <method name="getEditor" visibility="public">
            </method>
            <method name="actionPerformed" visibility="public">
                                <method name="getPresentationName" visibility="public">
                                </method>
                                <method name="undo" visibility="public">
                                </method>
                                <method name="redo" visibility="public">
                                </method>
            </method>
        </class>
    </java-class-file>