
    <java-class-file name="D:\Experiments\Analisi di Sopravvivenza\Progetto16715\ProgettiDaAnalizzare\jhotdraw\JHotDraw 7.4.1\JHotDraw 7.4.1\Source\jhotdraw7\src\main\java\org\jhotdraw\draw\action\ButtonFactory.java">
        <package-decl name="org.jhotdraw.draw.action"/>
        <class name="ButtonFactory" visibility="public">
            <class name="ToolButtonListener" visibility="private" static="true">
                <constructor visibility="public" name="ToolButtonListener">
                </constructor>
                <method name="itemStateChanged" visibility="public">
                </method>
            </class>
            <constructor visibility="private" name="ButtonFactory">
            </constructor>
            <method name="createDrawingActions" visibility="public" static="true">
            </method>
            <method name="createDrawingActions" visibility="public" static="true">
            </method>
            <method name="createSelectionActions" visibility="public" static="true">
            </method>
            <method name="addSelectionToolTo" visibility="public" static="true">
            </method>
            <method name="addSelectionToolTo" visibility="public" static="true">
            </method>
            <method name="addSelectionToolTo" visibility="public" static="true">
                                            <method name="toolDone" visibility="public">
                                            </method>
            </method>
            <method name="addToolTo" visibility="public" static="true">
            </method>
            <method name="addZoomButtonsTo" visibility="public" static="true">
            </method>
            <method name="createZoomButton" visibility="public" static="true">
                                    <method name="propertyChange" visibility="public">
                                    </method>
                                            <method name="actionPerformed" visibility="public">
                                            </method>
            </method>
            <method name="createZoomButton" visibility="public" static="true">
            </method>
            <method name="createZoomButton" visibility="public" static="true">
                                    <method name="propertyChange" visibility="public">
                                    </method>
                                            <method name="actionPerformed" visibility="public">
                                            </method>
            </method>
            <method name="addAttributesButtonsTo" visibility="public" static="true">
            </method>
            <method name="addColorButtonsTo" visibility="public" static="true">
            </method>
            <method name="addColorButtonsTo" visibility="public" static="true">
            </method>
            <method name="createEditorColorButton" visibility="public" static="true">
            </method>
            <method name="createEditorColorButton" visibility="public" static="true">
            </method>
            <method name="createEditorColorButton" visibility="public" static="true">
                                    <method name="propertyChange" visibility="public">
                                    </method>
            </method>
            <method name="createSelectionColorButton" visibility="public" static="true">
            </method>
            <method name="createSelectionColorButton" visibility="public" static="true">
            </method>
            <method name="createSelectionColorButton" visibility="public" static="true">
            </method>
            <method name="createSelectionColorButton" visibility="public" static="true">
            </method>
            <method name="createDrawingColorButton" visibility="public" static="true">
            </method>
            <method name="createDrawingColorButton" visibility="public" static="true">
            </method>
            <method name="createDrawingColorButton" visibility="public" static="true">
            </method>
            <method name="createDrawingColorButton" visibility="public" static="true">
            </method>
            <method name="addStrokeButtonsTo" visibility="public" static="true">
            </method>
            <method name="createStrokeWidthButton" visibility="public" static="true">
            </method>
            <method name="createStrokeWidthButton" visibility="public" static="true">
            </method>
            <method name="createStrokeWidthButton" visibility="public" static="true">
            </method>
            <method name="createStrokeWidthButton" visibility="public" static="true">
            </method>
            <method name="createStrokeDecorationButton" visibility="public" static="true">
            </method>
            <method name="createStrokeDashesButton" visibility="public" static="true">
            </method>
            <method name="createStrokeDashesButton" visibility="public" static="true">
            </method>
            <method name="createStrokeDashesButton" visibility="public" static="true">
            </method>
            <method name="createStrokeDashesButton" visibility="public" static="true">
            </method>
            <method name="createStrokeDashesButton" visibility="public" static="true">
            </method>
            <method name="createStrokeTypeButton" visibility="public" static="true">
            </method>
            <method name="createStrokePlacementButton" visibility="public" static="true">
            </method>
            <method name="addFontButtonsTo" visibility="public" static="true">
            </method>
            <method name="createFontButton" visibility="public" static="true">
            </method>
            <method name="createFontButton" visibility="public" static="true">
            </method>
            <method name="createFontButton" visibility="public" static="true">
            </method>
            <method name="createFontButton" visibility="public" static="true">
            </method>
            <method name="createFontStyleBoldButton" visibility="public" static="true">
            </method>
            <method name="createFontStyleBoldButton" visibility="public" static="true">
            </method>
            <method name="createFontStyleBoldButton" visibility="public" static="true">
            </method>
            <method name="createFontStyleItalicButton" visibility="public" static="true">
            </method>
            <method name="createFontStyleItalicButton" visibility="public" static="true">
            </method>
            <method name="createFontStyleItalicButton" visibility="public" static="true">
            </method>
            <method name="createFontStyleUnderlineButton" visibility="public" static="true">
            </method>
            <method name="createFontStyleUnderlineButton" visibility="public" static="true">
            </method>
            <method name="createFontStyleUnderlineButton" visibility="public" static="true">
            </method>
            <method name="addAlignmentButtonsTo" visibility="public" static="true">
            </method>
            <method name="addAlignmentButtonsTo" visibility="public" static="true">
            </method>
            <method name="createToggleGridButton" visibility="public" static="true">
                                    <method name="itemStateChanged" visibility="public">
                                    </method>
                                    <method name="propertyChange" visibility="public">
                                    </method>
            </method>
            <method name="createStrokeCapButton" visibility="public" static="true">
            </method>
            <method name="createStrokeCapButton" visibility="public" static="true">
            </method>
            <method name="createStrokeCapButton" visibility="public" static="true">
            </method>
            <method name="createStrokeJoinButton" visibility="public" static="true">
            </method>
            <method name="createStrokeJoinButton" visibility="public" static="true">
            </method>
            <method name="createStrokeJoinButton" visibility="public" static="true">
            </method>
            <method name="createPickAttributesButton" visibility="public" static="true">
            </method>
            <method name="createPickAttributesButton" visibility="public" static="true">
            </method>
            <method name="createApplyAttributesButton" visibility="public" static="true">
            </method>
            <method name="createApplyAttributesButton" visibility="public" static="true">
            </method>
        </class>
    </java-class-file>