
    <java-class-file name="D:\Experiments\Analisi di Sopravvivenza\Progetto16715\ProgettiDaAnalizzare\jhotdraw\JHotDraw 7.4.1\JHotDraw 7.4.1\Source\jhotdraw7\src\main\java\org\jhotdraw\draw\action\ColorIcon.java">
        <package-decl name="org.jhotdraw.draw.action"/>
        <class name="ColorIcon" visibility="public">
            <constructor visibility="public" name="ColorIcon">
            </constructor>
            <constructor visibility="public" name="ColorIcon">
            </constructor>
            <constructor visibility="public" name="ColorIcon">
            </constructor>
            <constructor visibility="public" name="ColorIcon">
            </constructor>
            <constructor visibility="public" name="ColorIcon">
            </constructor>
            <method name="getColor" visibility="public">
            </method>
            <method name="getName" visibility="public">
            </method>
            <method name="getIconWidth" visibility="public">
            </method>
            <method name="getIconHeight" visibility="public">
            </method>
            <method name="paintIcon" visibility="public">
            </method>
        </class>
    </java-class-file>