
    <java-class-file name="D:\Experiments\Analisi di Sopravvivenza\Progetto16715\ProgettiDaAnalizzare\jhotdraw\JHotDraw 7.4.1\JHotDraw 7.4.1\Source\jhotdraw7\src\main\java\org\jhotdraw\draw\action\DefaultAttributeAction.java">
        <package-decl name="org.jhotdraw.draw.action"/>
        <class name="DefaultAttributeAction" visibility="public">
            <constructor visibility="public" name="DefaultAttributeAction">
            </constructor>
            <constructor visibility="public" name="DefaultAttributeAction">
            </constructor>
            <constructor visibility="public" name="DefaultAttributeAction">
            </constructor>
            <constructor visibility="public" name="DefaultAttributeAction">
            </constructor>
            <constructor visibility="public" name="DefaultAttributeAction">
            </constructor>
            <constructor visibility="public" name="DefaultAttributeAction">
            </constructor>
            <constructor visibility="public" name="DefaultAttributeAction">
            </constructor>
            <constructor visibility="public" name="DefaultAttributeAction">
                                <method name="propertyChange" visibility="public">
                                </method>
            </constructor>
            <method name="actionPerformed" visibility="public">
            </method>
            <method name="changeAttribute" visibility="public">
            </method>
            <method name="selectionChanged" visibility="public">
            </method>
        </class>
    </java-class-file>