
    <java-class-file name="D:\Experiments\Analisi di Sopravvivenza\Progetto16715\ProgettiDaAnalizzare\jhotdraw\JHotDraw 7.4.1\JHotDraw 7.4.1\Source\jhotdraw7\src\main\java\org\jhotdraw\draw\action\EditorColorChooserAction.java">
        <package-decl name="org.jhotdraw.draw.action"/>
        <class name="EditorColorChooserAction" visibility="public">
            <constructor visibility="public" name="EditorColorChooserAction">
            </constructor>
            <constructor visibility="public" name="EditorColorChooserAction">
            </constructor>
            <constructor visibility="public" name="EditorColorChooserAction">
            </constructor>
            <constructor visibility="public" name="EditorColorChooserAction">
            </constructor>
            <constructor visibility="public" name="EditorColorChooserAction">
            </constructor>
            <method name="actionPerformed" visibility="public">
            </method>
            <method name="selectionChanged" visibility="public">
            </method>
            <method name="getInitialColor" visibility="protected">
            </method>
        </class>
    </java-class-file>