
    <java-class-file name="D:\Experiments\Analisi di Sopravvivenza\Progetto16715\ProgettiDaAnalizzare\jhotdraw\JHotDraw 7.4.1\JHotDraw 7.4.1\Source\jhotdraw7\src\main\java\org\jhotdraw\draw\action\EditCanvasAction.java">
        <package-decl name="org.jhotdraw.draw.action"/>
        <class name="EditCanvasAction" visibility="public">
            <constructor visibility="public" name="EditCanvasAction">
            </constructor>
            <method name="actionPerformed" visibility="public">
            </method>
            <method name="updateViewState" visibility="protected">
            </method>
            <method name="getApplication" visibility="protected">
            </method>
            <method name="getFrame" visibility="protected">
            </method>
        </class>
    </java-class-file>