
    <java-class-file name="D:\Experiments\Analisi di Sopravvivenza\Progetto16715\ProgettiDaAnalizzare\jhotdraw\JHotDraw 7.4.1\JHotDraw 7.4.1\Source\jhotdraw7\src\main\java\org\jhotdraw\draw\action\EditCanvasPanel.java">
        <package-decl name="org.jhotdraw.draw.action"/>
        <class name="EditCanvasPanel" visibility="public">
            <constructor visibility="public" name="EditCanvasPanel">
            </constructor>
            <method name="getColorChooser" visibility="private">
            </method>
            <method name="setDrawing" visibility="public">
            </method>
            <method name="updateDrawing" visibility="private">
            </method>
            <method name="updatePanel" visibility="private">
            </method>
            <method name="getDrawing" visibility="public">
            </method>
            <method name="main" visibility="public" static="true">
            </method>
            <method name="initComponents" visibility="private">
                                    <method name="actionPerformed" visibility="public">
                                    </method>
            </method>
            <method name="colorButtonPerformed" visibility="private">
            </method>
        </class>
    </java-class-file>