
    <java-class-file name="D:\Experiments\Analisi di Sopravvivenza\Progetto16715\ProgettiDaAnalizzare\jhotdraw\JHotDraw 7.4.1\JHotDraw 7.4.1\Source\jhotdraw7\src\main\java\org\jhotdraw\draw\action\EditGridAction.java">
        <package-decl name="org.jhotdraw.draw.action"/>
        <class name="EditGridAction" visibility="public">
            <constructor visibility="public" name="EditGridAction">
            </constructor>
            <method name="actionPerformed" visibility="public">
            </method>
            <method name="updateViewState" visibility="protected">
            </method>
            <method name="getApplication" visibility="protected">
            </method>
            <method name="getDialog" visibility="protected">
            </method>
        </class>
    </java-class-file>