
    <java-class-file name="D:\Experiments\Analisi di Sopravvivenza\Progetto16715\ProgettiDaAnalizzare\jhotdraw\JHotDraw 7.4.1\JHotDraw 7.4.1\Source\jhotdraw7\src\main\java\org\jhotdraw\draw\action\EditGridPanel.java">
        <package-decl name="org.jhotdraw.draw.action"/>
        <class name="EditGridPanel" visibility="public">
            <constructor visibility="public" name="EditGridPanel">
                                <method name="propertyChange" visibility="public">
                                </method>
                                <method name="propertyChange" visibility="public">
                                </method>
                                <method name="propertyChange" visibility="public">
                                </method>
            </constructor>
            <method name="setConstrainer" visibility="public">
            </method>
            <method name="getConstrainer" visibility="public">
            </method>
            <method name="initComponents" visibility="private">
            </method>
        </class>
    </java-class-file>