
    <java-class-file name="D:\Experiments\Analisi di Sopravvivenza\Progetto16715\ProgettiDaAnalizzare\jhotdraw\JHotDraw 7.4.1\JHotDraw 7.4.1\Source\jhotdraw7\src\main\java\org\jhotdraw\draw\action\FontChooserHandler.java">
        <package-decl name="org.jhotdraw.draw.action"/>
        <class name="FontChooserHandler" visibility="public">
            <constructor visibility="public" name="FontChooserHandler">
            </constructor>
            <method name="actionPerformed" visibility="public">
            </method>
            <method name="applySelectedFontToFigures" visibility="protected">
                                <method name="getPresentationName" visibility="public">
                                </method>
                                <method name="undo" visibility="public">
                                </method>
                                <method name="redo" visibility="public">
                                </method>
            </method>
            <method name="updateEnabledState" visibility="protected">
            </method>
            <method name="propertyChange" visibility="public">
            </method>
        </class>
    </java-class-file>