
    <java-class-file name="D:\Experiments\Analisi di Sopravvivenza\Progetto16715\ProgettiDaAnalizzare\jhotdraw\JHotDraw 7.4.1\JHotDraw 7.4.1\Source\jhotdraw7\src\main\java\org\jhotdraw\draw\action\GroupAction.java">
        <package-decl name="org.jhotdraw.draw.action"/>
        <class name="GroupAction" visibility="public">
            <constructor visibility="public" name="GroupAction">
            </constructor>
            <constructor visibility="public" name="GroupAction">
            </constructor>
            <constructor visibility="public" name="GroupAction">
            </constructor>
            <method name="updateEnabledState" visibility="protected">
            </method>
            <method name="canGroup" visibility="protected">
            </method>
            <method name="canUngroup" visibility="protected">
            </method>
            <method name="actionPerformed" visibility="public">
                                                        <method name="getPresentationName" visibility="public">
                                                        </method>
                                                        <method name="redo" visibility="public">
                                                        </method>
                                                        <method name="undo" visibility="public">
                                                        </method>
                                                        <method name="addEdit" visibility="public">
                                                        </method>
                                                        <method name="getPresentationName" visibility="public">
                                                        </method>
                                                        <method name="redo" visibility="public">
                                                        </method>
                                                        <method name="undo" visibility="public">
                                                        </method>
            </method>
            <method name="ungroupFigures" visibility="public">
            </method>
            <method name="groupFigures" visibility="public">
            </method>
        </class>
    </java-class-file>