
    <java-class-file name="D:\Experiments\Analisi di Sopravvivenza\Progetto16715\ProgettiDaAnalizzare\jhotdraw\JHotDraw 7.4.1\JHotDraw 7.4.1\Source\jhotdraw7\src\main\java\org\jhotdraw\draw\action\ImageBevelBorder.java">
        <package-decl name="org.jhotdraw.draw.action"/>
        <class name="ImageBevelBorder" visibility="public">
            <constructor visibility="public" name="ImageBevelBorder">
            </constructor>
            <constructor visibility="public" name="ImageBevelBorder">
            </constructor>
            <constructor visibility="public" name="ImageBevelBorder">
            </constructor>
            <method name="isBorderOpaque" visibility="public">
            </method>
            <method name="getBorderInsets" visibility="public">
            </method>
            <method name="paintBorder" visibility="public">
            </method>
        </class>
    </java-class-file>