
    <java-class-file name="D:\Experiments\Analisi di Sopravvivenza\Progetto16715\ProgettiDaAnalizzare\jhotdraw\JHotDraw 7.4.1\JHotDraw 7.4.1\Source\jhotdraw7\src\main\java\org\jhotdraw\draw\action\IncreaseHandleDetailLevelAction.java">
        <package-decl name="org.jhotdraw.draw.action"/>
        <class name="IncreaseHandleDetailLevelAction" visibility="public">
            <constructor visibility="public" name="IncreaseHandleDetailLevelAction">
            </constructor>
            <method name="actionPerformed" visibility="public">
            </method>
            <method name="increaseHandleDetaiLevel" visibility="public">
            </method>
        </class>
    </java-class-file>