
    <java-class-file name="D:\Experiments\Analisi di Sopravvivenza\Progetto16715\ProgettiDaAnalizzare\jhotdraw\JHotDraw 7.4.1\JHotDraw 7.4.1\Source\jhotdraw7\src\main\java\org\jhotdraw\draw\action\LineDecorationIcon.java">
        <package-decl name="org.jhotdraw.draw.action"/>
        <class name="LineDecorationIcon" visibility="public">
            <constructor visibility="public" name="LineDecorationIcon">
            </constructor>
            <method name="getIconHeight" visibility="public">
            </method>
            <method name="getIconWidth" visibility="public">
            </method>
            <method name="paintIcon" visibility="public">
            </method>
        </class>
    </java-class-file>