
    <java-class-file name="D:\Experiments\Analisi di Sopravvivenza\Progetto16715\ProgettiDaAnalizzare\jhotdraw\JHotDraw 7.4.1\JHotDraw 7.4.1\Source\jhotdraw7\src\main\java\org\jhotdraw\draw\action\MoveAction.java">
        <package-decl name="org.jhotdraw.draw.action"/>
        <class name="MoveAction" visibility="public" abstract="true">
            <constructor visibility="public" name="MoveAction">
            </constructor>
            <method name="actionPerformed" visibility="public">
            </method>
            <class name="East" visibility="public" static="true">
                <constructor visibility="public" name="East">
                </constructor>
            </class>
            <class name="West" visibility="public" static="true">
                <constructor visibility="public" name="West">
                </constructor>
            </class>
            <class name="North" visibility="public" static="true">
                <constructor visibility="public" name="North">
                </constructor>
            </class>
            <class name="South" visibility="public" static="true">
                <constructor visibility="public" name="South">
                </constructor>
            </class>
        </class>
    </java-class-file>