
    <java-class-file name="D:\Experiments\Analisi di Sopravvivenza\Progetto16715\ProgettiDaAnalizzare\jhotdraw\JHotDraw 7.4.1\JHotDraw 7.4.1\Source\jhotdraw7\src\main\java\org\jhotdraw\draw\action\SelectSameAction.java">
        <package-decl name="org.jhotdraw.draw.action"/>
        <class name="SelectSameAction" visibility="public">
            <constructor visibility="public" name="SelectSameAction">
            </constructor>
            <method name="actionPerformed" visibility="public">
            </method>
            <method name="selectSame" visibility="public">
            </method>
        </class>
    </java-class-file>