
    <java-class-file name="D:\Experiments\Analisi di Sopravvivenza\Progetto16715\ProgettiDaAnalizzare\jhotdraw\JHotDraw 7.4.1\JHotDraw 7.4.1\Source\jhotdraw7\src\main\java\org\jhotdraw\draw\action\SendToBackAction.java">
        <package-decl name="org.jhotdraw.draw.action"/>
        <class name="SendToBackAction" visibility="public">
            <constructor visibility="public" name="SendToBackAction">
            </constructor>
            <method name="actionPerformed" visibility="public">
                                    <method name="getPresentationName" visibility="public">
                                    </method>
                                    <method name="redo" visibility="public">
                                    </method>
                                    <method name="undo" visibility="public">
                                    </method>
            </method>
            <method name="sendToBack" visibility="public" static="true">
            </method>
        </class>
    </java-class-file>