
    <java-class-file name="D:\Experiments\Analisi di Sopravvivenza\Progetto16715\ProgettiDaAnalizzare\jhotdraw\JHotDraw 7.4.1\JHotDraw 7.4.1\Source\jhotdraw7\src\main\java\org\jhotdraw\app\osx\OSXAdapter.java">
        <package-decl name="org.jhotdraw.app.osx"/>
        <class name="OSXAdapter" visibility="public">
            <method name="setOpenApplicationHandler" visibility="public" static="true">
            </method>
            <method name="setReOpenApplicationHandler" visibility="public" static="true">
            </method>
            <method name="setQuitHandler" visibility="public" static="true">
                                    <method name="callTarget" visibility="public">
                                    </method>
            </method>
            <method name="setAboutHandler" visibility="public" static="true">
            </method>
            <method name="setPreferencesHandler" visibility="public" static="true">
            </method>
            <method name="setOpenFileHandler" visibility="public" static="true">
                                    <method name="callTarget" visibility="public">
                                    </method>
            </method>
            <method name="setPrintFileHandler" visibility="public" static="true">
                                    <method name="callTarget" visibility="public">
                                    </method>
            </method>
            <method name="setHandler" visibility="public" static="true">
            </method>
            <constructor visibility="protected" name="OSXAdapter">
            </constructor>
            <constructor visibility="protected" name="OSXAdapter">
            </constructor>
            <method name="callTarget" visibility="public">
            </method>
            <method name="invoke" visibility="public">
            </method>
            <method name="isCorrectMethod" visibility="protected">
            </method>
            <method name="setApplicationEventHandled" visibility="protected">
            </method>
        </class>
    </java-class-file>