
    <java-class-file name="D:\Experiments\Analisi di Sopravvivenza\Progetto16715\ProgettiDaAnalizzare\jhotdraw\JHotDraw 7.4.1\JHotDraw 7.4.1\Source\jhotdraw7\src\main\java\org\jhotdraw\app\osx\OSXPaletteHandler.java">
        <package-decl name="org.jhotdraw.app.osx"/>
        <class name="OSXPaletteHandler" visibility="public">
                        <method name="windowGainedFocus" visibility="public">
                        </method>
                        <method name="windowLostFocus" visibility="public">
                        </method>
            <constructor visibility="public" name="OSXPaletteHandler">
                                    <method name="actionPerformed" visibility="public">
                                    </method>
            </constructor>
            <method name="add" visibility="public">
            </method>
            <method name="remove" visibility="public">
            </method>
            <method name="addPalette" visibility="public">
            </method>
            <method name="removePalette" visibility="public">
            </method>
            <method name="getPalettes" visibility="public">
            </method>
            <method name="showPalettes" visibility="private">
            </method>
            <method name="isFocused" visibility="private">
            </method>
            <method name="maybeHidePalettes" visibility="private">
            </method>
            <method name="addWindow" visibility="public">
            </method>
            <method name="removeWindow" visibility="public">
            </method>
        </class>
    </java-class-file>