
    <java-class-file name="D:\Experiments\Analisi di Sopravvivenza\Progetto16715\ProgettiDaAnalizzare\jhotdraw\JHotDraw 7.4.1\JHotDraw 7.4.1\Source\jhotdraw7\src\main\java\org\jhotdraw\draw\handle\AbstractConnectionHandle.java">
        <package-decl name="org.jhotdraw.draw.handle"/>
        <class name="AbstractConnectionHandle" visibility="public" abstract="true">
            <constructor visibility="protected" name="AbstractConnectionHandle">
            </constructor>
            <method name="getOwner" visibility="public">
            </method>
            <method name="isCombinableWith" visibility="public">
            </method>
            <method name="getTarget" visibility="protected" abstract="true">
            </method>
            <method name="disconnect" visibility="protected" abstract="true">
            </method>
            <method name="connect" visibility="protected" abstract="true">
            </method>
            <method name="setLocation" visibility="protected" abstract="true">
            </method>
            <method name="getLocation" visibility="protected" abstract="true">
            </method>
            <method name="getSource" visibility="protected">
            </method>
            <method name="trackStart" visibility="public">
            </method>
            <method name="trackStep" visibility="public">
            </method>
            <method name="trackEnd" visibility="public">
            </method>
            <method name="findConnectionTarget" visibility="private">
            </method>
            <method name="canConnect" visibility="protected" abstract="true">
            </method>
            <method name="findConnector" visibility="protected">
            </method>
            <method name="draw" visibility="public">
            </method>
            <method name="findConnectableFigure" visibility="private">
            </method>
            <method name="setPotentialTarget" visibility="protected">
            </method>
            <method name="basicGetBounds" visibility="protected">
            </method>
            <method name="getBezierFigure" visibility="protected">
            </method>
            <method name="getBezierNodeIndex" visibility="protected" abstract="true">
            </method>
            <method name="createSecondaryHandles" visibility="public" final="true">
            </method>
            <method name="getBezierNode" visibility="protected">
            </method>
            <method name="getToolTipText" visibility="public">
            </method>
            <method name="repaintConnectors" visibility="public">
            </method>
        </class>
    </java-class-file>