
    <java-class-file name="D:\Experiments\Analisi di Sopravvivenza\Progetto16715\ProgettiDaAnalizzare\jhotdraw\JHotDraw 7.4.1\JHotDraw 7.4.1\Source\jhotdraw7\src\main\java\org\jhotdraw\draw\handle\AbstractHandle.java">
        <package-decl name="org.jhotdraw.draw.handle"/>
        <class name="AbstractHandle" visibility="public" abstract="true">
            <constructor visibility="public" name="AbstractHandle">
            </constructor>
            <method name="getHandlesize" visibility="protected">
            </method>
            <method name="addHandleListener" visibility="public">
            </method>
            <method name="removeHandleListener" visibility="public">
            </method>
            <method name="getOwner" visibility="public">
            </method>
            <method name="setView" visibility="public">
            </method>
            <method name="getView" visibility="public">
            </method>
            <method name="getEditor" visibility="public">
            </method>
            <method name="fireAreaInvalidated" visibility="protected">
            </method>
            <method name="fireUndoableEditHappened" visibility="protected">
            </method>
            <method name="fireHandleRequestRemove" visibility="protected">
            </method>
            <method name="fireHandleRequestSecondaryHandles" visibility="protected">
            </method>
            <method name="draw" visibility="public">
            </method>
            <method name="drawCircle" visibility="protected">
            </method>
            <method name="drawRectangle" visibility="protected">
            </method>
            <method name="drawDiamond" visibility="protected">
            </method>
            <method name="contains" visibility="public">
            </method>
            <method name="invalidate" visibility="public">
            </method>
            <method name="dispose" visibility="public">
            </method>
            <method name="areaInvalidated" visibility="public">
            </method>
            <method name="figureAdded" visibility="public">
            </method>
            <method name="figureRemoved" visibility="public">
            </method>
            <method name="figureRequestRemove" visibility="public">
            </method>
            <method name="figureChanged" visibility="public">
            </method>
            <method name="getCursor" visibility="public">
            </method>
            <method name="isCombinableWith" visibility="public">
            </method>
            <method name="keyTyped" visibility="public">
            </method>
            <method name="keyReleased" visibility="public">
            </method>
            <method name="keyPressed" visibility="public">
            </method>
            <method name="getBounds" visibility="public" final="true">
            </method>
            <method name="getDrawingArea" visibility="public">
            </method>
            <method name="basicGetBounds" visibility="protected" abstract="true">
            </method>
            <method name="updateBounds" visibility="protected">
            </method>
            <method name="trackDoubleClick" visibility="public">
            </method>
            <method name="attributeChanged" visibility="public">
            </method>
            <method name="viewTransformChanged" visibility="public">
            </method>
            <method name="createSecondaryHandles" visibility="public">
            </method>
            <method name="getToolTipText" visibility="public">
            </method>
            <method name="setToolTipText" visibility="public">
            </method>
            <method name="figureHandlesChanged" visibility="public">
            </method>
        </class>
    </java-class-file>