
    <java-class-file name="D:\Experiments\Analisi di Sopravvivenza\Progetto16715\ProgettiDaAnalizzare\jhotdraw\JHotDraw 7.4.1\JHotDraw 7.4.1\Source\jhotdraw7\src\main\java\org\jhotdraw\draw\handle\AbstractRotateHandle.java">
        <package-decl name="org.jhotdraw.draw.handle"/>
        <class name="AbstractRotateHandle" visibility="public" abstract="true">
            <constructor visibility="public" name="AbstractRotateHandle">
            </constructor>
            <method name="isCombinableWith" visibility="public">
            </method>
            <method name="getToolTipText" visibility="public">
            </method>
            <method name="draw" visibility="public">
            </method>
            <method name="basicGetBounds" visibility="protected">
            </method>
            <method name="getLocation" visibility="public">
            </method>
            <method name="getTransformedBounds" visibility="protected">
            </method>
            <method name="getRestoreData" visibility="protected">
            </method>
            <method name="getStartTheta" visibility="protected">
            </method>
            <method name="getOrigin" visibility="protected" abstract="true">
            </method>
            <method name="getCenter" visibility="protected" abstract="true">
            </method>
            <method name="trackStart" visibility="public">
            </method>
            <method name="trackStep" visibility="public">
            </method>
            <method name="trackEnd" visibility="public">
            </method>
            <method name="keyPressed" visibility="public">
            </method>
        </class>
    </java-class-file>