
    <java-class-file name="D:\Experiments\Analisi di Sopravvivenza\Progetto16715\ProgettiDaAnalizzare\jhotdraw\JHotDraw 7.4.1\JHotDraw 7.4.1\Source\jhotdraw7\src\main\java\org\jhotdraw\draw\handle\BezierControlPointHandle.java">
        <package-decl name="org.jhotdraw.draw.handle"/>
        <class name="BezierControlPointHandle" visibility="public">
            <constructor visibility="public" name="BezierControlPointHandle">
            </constructor>
            <constructor visibility="public" name="BezierControlPointHandle">
            </constructor>
            <method name="dispose" visibility="public">
            </method>
            <method name="getBezierFigure" visibility="protected">
            </method>
            <method name="getTransformOwner" visibility="protected">
            </method>
            <method name="getLocation" visibility="protected">
            </method>
            <method name="getBezierNode" visibility="protected">
            </method>
            <method name="draw" visibility="public">
            </method>
            <method name="basicGetBounds" visibility="protected">
            </method>
            <method name="trackStart" visibility="public">
            </method>
            <method name="trackStep" visibility="public">
            </method>
            <method name="fireAreaInvalidated" visibility="private">
            </method>
            <method name="trackEnd" visibility="public">
                                    <method name="redo" visibility="public">
                                    </method>
                                    <method name="undo" visibility="public">
                                    </method>
            </method>
            <method name="isCombinableWith" visibility="public">
            </method>
            <method name="getToolTipText" visibility="public">
            </method>
            <method name="getOwner" visibility="public">
            </method>
            <method name="keyPressed" visibility="public">
            </method>
        </class>
    </java-class-file>