
    <java-class-file name="D:\Experiments\Analisi di Sopravvivenza\Progetto16715\ProgettiDaAnalizzare\jhotdraw\JHotDraw 7.4.1\JHotDraw 7.4.1\Source\jhotdraw7\src\main\java\org\jhotdraw\draw\handle\BezierScaleHandle.java">
        <package-decl name="org.jhotdraw.draw.handle"/>
        <class name="BezierScaleHandle" visibility="public">
            <constructor visibility="public" name="BezierScaleHandle">
            </constructor>
            <method name="isCombinableWith" visibility="public">
            </method>
            <method name="draw" visibility="public">
            </method>
            <method name="basicGetBounds" visibility="protected">
            </method>
            <method name="getLocation" visibility="public">
            </method>
            <method name="getBezierFigure" visibility="private">
            </method>
            <method name="getOrigin" visibility="private">
            </method>
            <method name="trackStart" visibility="public">
            </method>
            <method name="trackStep" visibility="public">
            </method>
            <method name="trackEnd" visibility="public">
            </method>
        </class>
    </java-class-file>