
    <java-class-file name="D:\Experiments\Analisi di Sopravvivenza\Progetto16715\ProgettiDaAnalizzare\jhotdraw\JHotDraw 7.4.1\JHotDraw 7.4.1\Source\jhotdraw7\src\main\java\org\jhotdraw\draw\handle\CloseHandle.java">
        <package-decl name="org.jhotdraw.draw.handle"/>
        <class name="CloseHandle" visibility="public">
            <constructor visibility="public" name="CloseHandle">
            </constructor>
            <constructor visibility="public" name="CloseHandle">
            </constructor>
            <method name="getHandlesize" visibility="protected">
            </method>
            <method name="draw" visibility="public">
            </method>
            <method name="getCursor" visibility="public">
            </method>
            <method name="trackEnd" visibility="public">
            </method>
            <method name="trackStart" visibility="public">
            </method>
            <method name="trackStep" visibility="public">
            </method>
        </class>
    </java-class-file>