
    <java-class-file name="D:\Experiments\Analisi di Sopravvivenza\Progetto16715\ProgettiDaAnalizzare\jhotdraw\JHotDraw 7.4.1\JHotDraw 7.4.1\Source\jhotdraw7\src\main\java\org\jhotdraw\draw\handle\ConnectionEndHandle.java">
        <package-decl name="org.jhotdraw.draw.handle"/>
        <class name="ConnectionEndHandle" visibility="public">
            <constructor visibility="public" name="ConnectionEndHandle">
            </constructor>
            <method name="connect" visibility="protected">
            </method>
            <method name="disconnect" visibility="protected">
            </method>
            <method name="getTarget" visibility="protected">
            </method>
            <method name="setLocation" visibility="protected">
            </method>
            <method name="getLocation" visibility="protected">
            </method>
            <method name="canConnect" visibility="protected">
            </method>
            <method name="getBezierNodeIndex" visibility="protected">
            </method>
        </class>
    </java-class-file>