
    <java-class-file name="D:\Experiments\Analisi di Sopravvivenza\Progetto16715\ProgettiDaAnalizzare\jhotdraw\JHotDraw 7.4.1\JHotDraw 7.4.1\Source\jhotdraw7\src\main\java\org\jhotdraw\draw\handle\ConnectorHandle.java">
        <package-decl name="org.jhotdraw.draw.handle"/>
        <class name="ConnectorHandle" visibility="public">
            <constructor visibility="public" name="ConnectorHandle">
            </constructor>
            <method name="getLocationOnDrawing" visibility="public">
            </method>
            <method name="getLocation" visibility="public">
            </method>
            <method name="draw" visibility="public">
            </method>
            <method name="trackStart" visibility="public">
            </method>
            <method name="trackStep" visibility="public">
            </method>
            <method name="getDrawingArea" visibility="public">
            </method>
            <method name="trackEnd" visibility="public">
                                                <method name="getPresentationName" visibility="public">
                                                </method>
                                                <method name="undo" visibility="public">
                                                </method>
                                                <method name="redo" visibility="public">
                                                </method>
            </method>
            <method name="createConnection" visibility="protected">
            </method>
            <method name="setConnection" visibility="protected">
            </method>
            <method name="getConnection" visibility="protected">
            </method>
            <method name="getTargetFigure" visibility="protected">
            </method>
            <method name="setTargetFigure" visibility="protected">
            </method>
            <method name="findConnectableFigure" visibility="private">
            </method>
            <method name="findConnectableConnector" visibility="protected">
            </method>
            <method name="basicGetBounds" visibility="protected">
            </method>
            <method name="isCombinableWith" visibility="public">
            </method>
            <method name="repaintConnectors" visibility="public">
            </method>
        </class>
    </java-class-file>