
    <java-class-file name="D:\Experiments\Analisi di Sopravvivenza\Progetto16715\ProgettiDaAnalizzare\jhotdraw\JHotDraw 7.4.1\JHotDraw 7.4.1\Source\jhotdraw7\src\main\java\org\jhotdraw\draw\handle\FontSizeHandle.java">
        <package-decl name="org.jhotdraw.draw.handle"/>
        <class name="FontSizeHandle" visibility="public">
            <constructor visibility="public" name="FontSizeHandle">
            </constructor>
            <constructor visibility="public" name="FontSizeHandle">
            </constructor>
            <method name="draw" visibility="public">
            </method>
            <method name="getCursor" visibility="public">
            </method>
            <method name="basicGetBounds" visibility="protected">
            </method>
            <method name="trackStart" visibility="public">
            </method>
            <method name="trackStep" visibility="public">
            </method>
            <method name="trackEnd" visibility="public">
                                <method name="getPresentationName" visibility="public">
                                </method>
                                <method name="undo" visibility="public">
                                </method>
                                <method name="redo" visibility="public">
                                </method>
            </method>
            <method name="keyPressed" visibility="public">
                                            <method name="getPresentationName" visibility="public">
                                            </method>
                                            <method name="undo" visibility="public">
                                            </method>
                                            <method name="redo" visibility="public">
                                            </method>
            </method>
            <method name="getToolTipText" visibility="public">
            </method>
        </class>
    </java-class-file>