
    <java-class-file name="D:\Experiments\Analisi di Sopravvivenza\Progetto16715\ProgettiDaAnalizzare\jhotdraw\JHotDraw 7.4.1\JHotDraw 7.4.1\Source\jhotdraw7\src\main\java\org\jhotdraw\draw\handle\Handle.java">
        <package-decl name="org.jhotdraw.draw.handle"/>
            <method name="getOwner" visibility="public">
            </method>
            <method name="setView" visibility="public">
            </method>
            <method name="addHandleListener" visibility="public">
            </method>
            <method name="removeHandleListener" visibility="protected">
            </method>
            <method name="getBounds" visibility="protected">
            </method>
            <method name="getDrawingArea" visibility="protected">
            </method>
            <method name="contains" visibility="public">
            </method>
            <method name="draw" visibility="public">
            </method>
            <method name="invalidate" visibility="public">
            </method>
            <method name="dispose" visibility="public">
            </method>
            <method name="getCursor" visibility="public">
            </method>
            <method name="isCombinableWith" visibility="public">
            </method>
            <method name="trackStart" visibility="public">
            </method>
            <method name="trackStep" visibility="public">
            </method>
            <method name="trackEnd" visibility="public">
            </method>
            <method name="trackDoubleClick" visibility="public">
            </method>
            <method name="viewTransformChanged" visibility="public">
            </method>
            <method name="createSecondaryHandles" visibility="public">
            </method>
            <method name="getToolTipText" visibility="public">
            </method>
    </java-class-file>