
    <java-class-file name="D:\Experiments\Analisi di Sopravvivenza\Progetto16715\ProgettiDaAnalizzare\jhotdraw\JHotDraw 7.4.1\JHotDraw 7.4.1\Source\jhotdraw7\src\main\java\org\jhotdraw\draw\handle\LocatorHandle.java">
        <package-decl name="org.jhotdraw.draw.handle"/>
        <class name="LocatorHandle" visibility="public" abstract="true">
            <constructor visibility="public" name="LocatorHandle">
            </constructor>
            <method name="getLocationOnDrawing" visibility="public">
            </method>
            <method name="getLocation" visibility="public">
            </method>
            <method name="basicGetBounds" visibility="protected">
            </method>
        </class>
    </java-class-file>