
    <java-class-file name="D:\Experiments\Analisi di Sopravvivenza\Progetto16715\ProgettiDaAnalizzare\jhotdraw\JHotDraw 7.4.1\JHotDraw 7.4.1\Source\jhotdraw7\src\main\java\org\jhotdraw\draw\handle\MoveHandle.java">
        <package-decl name="org.jhotdraw.draw.handle"/>
        <class name="MoveHandle" visibility="public">
            <constructor visibility="public" name="MoveHandle">
            </constructor>
            <method name="addMoveHandles" visibility="public" static="true">
            </method>
            <method name="draw" visibility="public">
            </method>
            <method name="getCursor" visibility="public">
            </method>
            <method name="trackStart" visibility="public">
            </method>
            <method name="trackStep" visibility="public">
            </method>
            <method name="trackEnd" visibility="public">
            </method>
            <method name="keyPressed" visibility="public">
            </method>
            <method name="south" visibility="public" static="true">
            </method>
            <method name="southEast" visibility="public" static="true">
            </method>
            <method name="southWest" visibility="public" static="true">
            </method>
            <method name="north" visibility="public" static="true">
            </method>
            <method name="northEast" visibility="public" static="true">
            </method>
            <method name="northWest" visibility="public" static="true">
            </method>
            <method name="east" visibility="public" static="true">
            </method>
            <method name="west" visibility="public" static="true">
            </method>
        </class>
    </java-class-file>