
    <java-class-file name="D:\Experiments\Analisi di Sopravvivenza\Progetto16715\ProgettiDaAnalizzare\jhotdraw\JHotDraw 7.4.1\JHotDraw 7.4.1\Source\jhotdraw7\src\main\java\org\jhotdraw\draw\handle\NullHandle.java">
        <package-decl name="org.jhotdraw.draw.handle"/>
        <class name="NullHandle" visibility="public">
            <constructor visibility="public" name="NullHandle">
            </constructor>
            <method name="getCursor" visibility="public">
            </method>
            <method name="trackStart" visibility="public">
            </method>
            <method name="trackStep" visibility="public">
            </method>
            <method name="trackEnd" visibility="public">
            </method>
            <method name="addLeadHandles" visibility="public" static="true">
            </method>
            <method name="draw" visibility="public">
            </method>
        </class>
    </java-class-file>