
    <java-class-file name="D:\Experiments\Analisi di Sopravvivenza\Progetto16715\ProgettiDaAnalizzare\jhotdraw\JHotDraw 7.4.1\JHotDraw 7.4.1\Source\jhotdraw7\src\main\java\org\jhotdraw\draw\handle\RotateHandle.java">
        <package-decl name="org.jhotdraw.draw.handle"/>
        <class name="RotateHandle" visibility="public">
            <constructor visibility="public" name="RotateHandle">
            </constructor>
            <method name="getCenter" visibility="protected">
            </method>
            <method name="getOrigin" visibility="protected">
            </method>
        </class>
    </java-class-file>