
    <java-class-file name="D:\Experiments\Analisi di Sopravvivenza\Progetto16715\ProgettiDaAnalizzare\jhotdraw\JHotDraw 7.4.1\JHotDraw 7.4.1\Source\jhotdraw7\src\main\java\org\jhotdraw\draw\handle\TransformHandleKit.java">
        <package-decl name="org.jhotdraw.draw.handle"/>
        <class name="TransformHandleKit" visibility="public">
            <constructor visibility="public" name="TransformHandleKit">
            </constructor>
            <method name="addCornerTransformHandles" visibility="public" static="true">
            </method>
            <method name="addEdgeTransformHandles" visibility="public" static="true">
            </method>
            <method name="addScaleMoveTransformHandles" visibility="public" static="true">
            </method>
            <method name="addTransformHandles" visibility="public" static="true">
            </method>
            <method name="addGroupTransformHandles" visibility="public" static="true">
            </method>
            <method name="addGroupHoverHandles" visibility="public" static="true">
            </method>
            <method name="south" visibility="public" static="true">
            </method>
            <method name="southEast" visibility="public" static="true">
            </method>
            <method name="southWest" visibility="public" static="true">
            </method>
            <method name="north" visibility="public" static="true">
            </method>
            <method name="northEast" visibility="public" static="true">
            </method>
            <method name="northWest" visibility="public" static="true">
            </method>
            <method name="east" visibility="public" static="true">
            </method>
            <method name="west" visibility="public" static="true">
            </method>
            <class name="TransformHandle" visibility="private" static="true">
                <constructor visibility="protected" name="TransformHandle">
                </constructor>
                <method name="getToolTipText" visibility="public">
                </method>
                <method name="draw" visibility="public">
                </method>
                <method name="drawArc" visibility="protected">
                </method>
                <method name="getTransformedBounds" visibility="protected">
                </method>
                <method name="trackStart" visibility="public">
                </method>
                <method name="trackStep" visibility="public">
                </method>
                <method name="trackEnd" visibility="public">
                </method>
                <method name="trackStepNormalized" visibility="protected">
                </method>
                <method name="transform" visibility="protected">
                </method>
            </class>
            <class name="NorthEastHandle" visibility="private" static="true">
                <constructor visibility="protected" name="NorthEastHandle">
                </constructor>
                <method name="trackStepNormalized" visibility="protected">
                </method>
                <method name="keyPressed" visibility="public">
                </method>
                <method name="getCursor" visibility="public">
                </method>
            </class>
            <class name="EastHandle" visibility="private" static="true">
                <constructor visibility="protected" name="EastHandle">
                </constructor>
                <method name="trackStepNormalized" visibility="protected">
                </method>
                <method name="keyPressed" visibility="public">
                </method>
                <method name="getCursor" visibility="public">
                </method>
            </class>
            <class name="NorthHandle" visibility="private" static="true">
                <constructor visibility="protected" name="NorthHandle">
                </constructor>
                <method name="trackStepNormalized" visibility="protected">
                </method>
                <method name="keyPressed" visibility="public">
                </method>
                <method name="getCursor" visibility="public">
                </method>
            </class>
            <class name="NorthWestHandle" visibility="private" static="true">
                <constructor visibility="protected" name="NorthWestHandle">
                </constructor>
                <method name="trackStepNormalized" visibility="protected">
                </method>
                <method name="keyPressed" visibility="public">
                </method>
                <method name="getCursor" visibility="public">
                </method>
            </class>
            <class name="SouthEastHandle" visibility="private" static="true">
                <constructor visibility="protected" name="SouthEastHandle">
                </constructor>
                <method name="trackStepNormalized" visibility="protected">
                </method>
                <method name="keyPressed" visibility="public">
                </method>
                <method name="getCursor" visibility="public">
                </method>
            </class>
            <class name="SouthHandle" visibility="private" static="true">
                <constructor visibility="protected" name="SouthHandle">
                </constructor>
                <method name="trackStepNormalized" visibility="protected">
                </method>
                <method name="keyPressed" visibility="public">
                </method>
                <method name="getCursor" visibility="public">
                </method>
            </class>
            <class name="SouthWestHandle" visibility="private" static="true">
                <constructor visibility="protected" name="SouthWestHandle">
                </constructor>
                <method name="trackStepNormalized" visibility="protected">
                </method>
                <method name="keyPressed" visibility="public">
                </method>
                <method name="getCursor" visibility="public">
                </method>
            </class>
            <class name="WestHandle" visibility="private" static="true">
                <constructor visibility="protected" name="WestHandle">
                </constructor>
                <method name="trackStepNormalized" visibility="protected">
                </method>
                <method name="keyPressed" visibility="public">
                </method>
                <method name="getCursor" visibility="public">
                </method>
            </class>
        </class>
    </java-class-file>