
    <java-class-file name="D:\Experiments\Analisi di Sopravvivenza\Progetto16715\ProgettiDaAnalizzare\jhotdraw\JHotDraw 7.4.1\JHotDraw 7.4.1\Source\jhotdraw7\src\main\java\org\jhotdraw\beans\AbstractBean.java">
        <package-decl name="org.jhotdraw.beans"/>
        <class name="AbstractBean" visibility="public">
            <method name="addPropertyChangeListener" visibility="public">
            </method>
            <method name="addPropertyChangeListener" visibility="public">
            </method>
            <method name="removePropertyChangeListener" visibility="public">
            </method>
            <method name="removePropertyChangeListener" visibility="public">
            </method>
            <method name="firePropertyChange" visibility="protected">
            </method>
            <method name="firePropertyChange" visibility="protected">
            </method>
            <method name="firePropertyChange" visibility="protected">
            </method>
            <method name="clone" visibility="public">
            </method>
            <method name="getPropertyChangeListeners" visibility="public">
            </method>
        </class>
    </java-class-file>