
    <java-class-file name="D:\Experiments\Analisi di Sopravvivenza\Progetto16715\ProgettiDaAnalizzare\jhotdraw\JHotDraw 7.4.1\JHotDraw 7.4.1\Source\jhotdraw7\src\main\java\org\jhotdraw\beans\PropertyChangeEdit.java">
        <package-decl name="org.jhotdraw.beans"/>
        <class name="PropertyChangeEdit" visibility="public">
            <constructor visibility="public" name="PropertyChangeEdit">
            </constructor>
            <constructor visibility="public" name="PropertyChangeEdit">
            </constructor>
            <constructor visibility="public" name="PropertyChangeEdit">
            </constructor>
            <constructor visibility="public" name="PropertyChangeEdit">
            </constructor>
            <constructor visibility="public" name="PropertyChangeEdit">
            </constructor>
            <constructor visibility="public" name="PropertyChangeEdit">
            </constructor>
            <constructor visibility="public" name="PropertyChangeEdit">
            </constructor>
            <constructor visibility="public" name="PropertyChangeEdit">
            </constructor>
            <method name="getSetter" visibility="protected">
            </method>
            <method name="undo" visibility="public">
            </method>
            <method name="redo" visibility="public">
            </method>
            <method name="getPresentationName" visibility="public">
            </method>
            <method name="setPresentationName" visibility="public">
            </method>
            <method name="addEdit" visibility="public">
            </method>
            <method name="toString" visibility="public">
            </method>
        </class>
    </java-class-file>