
    <java-class-file name="D:\Experiments\Analisi di Sopravvivenza\Progetto16715\ProgettiDaAnalizzare\jhotdraw\JHotDraw 7.4.1\JHotDraw 7.4.1\Source\jhotdraw7\src\main\java\org\jhotdraw\beans\WeakPropertyChangeListener.java">
        <package-decl name="org.jhotdraw.beans"/>
        <class name="WeakPropertyChangeListener" visibility="public">
            <constructor visibility="public" name="WeakPropertyChangeListener">
            </constructor>
            <method name="removeFromSource" visibility="protected">
            </method>
            <method name="propertyChange" visibility="public">
            </method>
            <method name="getTarget" visibility="public">
            </method>
            <method name="toString" visibility="public">
            </method>
        </class>
    </java-class-file>