
    <java-class-file name="D:\Experiments\Analisi di Sopravvivenza\Progetto16715\ProgettiDaAnalizzare\jhotdraw\JHotDraw 7.4.1\JHotDraw 7.4.1\Source\jhotdraw7\src\main\java\org\jhotdraw\draw\AbstractConstrainer.java">
        <package-decl name="org.jhotdraw.draw"/>
        <class name="AbstractConstrainer" visibility="public" abstract="true">
            <constructor visibility="public" name="AbstractConstrainer">
            </constructor>
            <method name="addChangeListener" visibility="public">
            </method>
            <method name="removeChangeListener" visibility="public">
            </method>
            <method name="fireStateChanged" visibility="protected">
            </method>
            <method name="clone" visibility="public">
            </method>
        </class>
    </java-class-file>