
    <java-class-file name="D:\Experiments\Analisi di Sopravvivenza\Progetto16715\ProgettiDaAnalizzare\jhotdraw\JHotDraw 7.4.1\JHotDraw 7.4.1\Source\jhotdraw7\src\main\java\org\jhotdraw\draw\AbstractDrawing.java">
        <package-decl name="org.jhotdraw.draw"/>
        <class name="AbstractDrawing" visibility="public" abstract="true">
            <constructor visibility="public" name="AbstractDrawing">
            </constructor>
            <method name="addUndoableEditListener" visibility="public">
            </method>
            <method name="removeUndoableEditListener" visibility="public">
            </method>
            <method name="fireUndoableEditHappened" visibility="public">
            </method>
            <method name="getFontRenderContext" visibility="public">
            </method>
            <method name="setFontRenderContext" visibility="public">
            </method>
            <method name="read" visibility="public">
            </method>
            <method name="write" visibility="public">
            </method>
            <method name="getLock" visibility="public">
            </method>
            <method name="addInputFormat" visibility="public">
            </method>
            <method name="addOutputFormat" visibility="public">
            </method>
            <method name="setOutputFormats" visibility="public">
            </method>
            <method name="setInputFormats" visibility="public">
            </method>
            <method name="getInputFormats" visibility="public">
            </method>
            <method name="getOutputFormats" visibility="public">
            </method>
            <method name="getDrawing" visibility="public">
            </method>
            <method name="clone" visibility="public">
            </method>
        </class>
    </java-class-file>