
    <java-class-file name="D:\Experiments\Analisi di Sopravvivenza\Progetto16715\ProgettiDaAnalizzare\jhotdraw\JHotDraw 7.4.1\JHotDraw 7.4.1\Source\jhotdraw7\src\main\java\org\jhotdraw\draw\AbstractAttributedDecoratedFigure.java">
        <package-decl name="org.jhotdraw.draw"/>
        <class name="AbstractAttributedDecoratedFigure" visibility="public" abstract="true">
            <method name="draw" visibility="public" final="true">
            </method>
            <method name="drawFigure" visibility="protected">
            </method>
            <method name="drawDecorator" visibility="protected">
            </method>
            <method name="getDrawingArea" visibility="public" final="true">
            </method>
            <method name="getFigureDrawingArea" visibility="protected">
            </method>
            <method name="setDecorator" visibility="public">
            </method>
            <method name="getDecorator" visibility="public">
            </method>
            <method name="updateDecoratorBounds" visibility="protected">
            </method>
            <method name="contains" visibility="public" final="true">
            </method>
            <method name="figureContains" visibility="protected" abstract="true">
            </method>
            <method name="read" visibility="public">
            </method>
            <method name="write" visibility="public">
            </method>
            <method name="writeDecorator" visibility="protected">
            </method>
            <method name="readDecorator" visibility="protected">
            </method>
            <method name="clone" visibility="public">
            </method>
        </class>
    </java-class-file>