
    <java-class-file name="D:\Experiments\Analisi di Sopravvivenza\Progetto16715\ProgettiDaAnalizzare\jhotdraw\JHotDraw 7.4.1\JHotDraw 7.4.1\Source\jhotdraw7\src\main\java\org\jhotdraw\draw\AbstractFigure.java">
        <package-decl name="org.jhotdraw.draw"/>
        <class name="AbstractFigure" visibility="public" abstract="true">
            <constructor visibility="public" name="AbstractFigure">
            </constructor>
            <method name="addFigureListener" visibility="public">
            </method>
            <method name="removeFigureListener" visibility="public">
            </method>
            <method name="addNotify" visibility="public">
            </method>
            <method name="removeNotify" visibility="public">
            </method>
            <method name="getDrawing" visibility="protected">
            </method>
            <method name="getLock" visibility="protected">
            </method>
            <method name="fireAreaInvalidated" visibility="public">
            </method>
            <method name="fireAreaInvalidated" visibility="protected">
            </method>
            <method name="fireAreaInvalidated" visibility="protected">
            </method>
            <method name="fireFigureRequestRemove" visibility="protected">
            </method>
            <method name="fireFigureAdded" visibility="protected">
            </method>
            <method name="fireFigureRemoved" visibility="protected">
            </method>
            <method name="fireFigureChanged" visibility="public">
            </method>
            <method name="fireFigureChanged" visibility="protected">
            </method>
            <method name="fireFigureChanged" visibility="protected">
            </method>
            <method name="fireAttributeChanged" visibility="protected">
            </method>
            <method name="fireFigureHandlesChanged" visibility="protected">
            </method>
            <method name="fireUndoableEditHappened" visibility="protected">
            </method>
            <method name="clone" visibility="public">
            </method>
            <method name="basicClone" visibility="public" final="true">
            </method>
            <method name="remap" visibility="public">
            </method>
            <method name="createHandles" visibility="public">
            </method>
            <method name="getCursor" visibility="public">
            </method>
            <method name="setBounds" visibility="public" final="true">
            </method>
            <method name="setBounds" visibility="public">
            </method>
            <method name="invalidate" visibility="protected">
            </method>
            <method name="isChanging" visibility="protected">
            </method>
            <method name="getChangingDepth" visibility="protected">
            </method>
            <method name="willChange" visibility="public">
            </method>
            <method name="validate" visibility="protected">
            </method>
            <method name="changed" visibility="public">
            </method>
            <method name="findConnector" visibility="public">
            </method>
            <method name="includes" visibility="public">
            </method>
            <method name="findFigureInside" visibility="public">
            </method>
            <method name="findCompatibleConnector" visibility="public">
            </method>
            <method name="getActions" visibility="public">
            </method>
            <method name="getTool" visibility="public">
            </method>
            <method name="handleMouseClick" visibility="public">
            </method>
            <method name="handleDrop" visibility="public">
            </method>
            <method name="getEndPoint" visibility="public">
            </method>
            <method name="getStartPoint" visibility="public">
            </method>
            <method name="getPreferredSize" visibility="public">
            </method>
            <method name="isConnectable" visibility="public">
            </method>
            <method name="setConnectable" visibility="public">
            </method>
            <method name="isSelectable" visibility="public">
            </method>
            <method name="setSelectable" visibility="public">
            </method>
            <method name="isRemovable" visibility="public">
            </method>
            <method name="setRemovable" visibility="public">
            </method>
            <method name="isTransformable" visibility="public">
            </method>
            <method name="setTransformable" visibility="public">
            </method>
            <method name="isVisible" visibility="public">
            </method>
            <method name="setVisible" visibility="public">
            </method>
            <method name="getDecomposition" visibility="public">
            </method>
            <method name="getFontRenderContext" visibility="protected">
            </method>
            <method name="requestRemove" visibility="public">
            </method>
            <method name="getLayer" visibility="public">
            </method>
            <method name="getToolTipText" visibility="public">
            </method>
            <method name="toString" visibility="public">
            </method>
            <method name="getConnectors" visibility="public">
            </method>
        </class>
    </java-class-file>