
    <java-class-file name="D:\Experiments\Analisi di Sopravvivenza\Progetto16715\ProgettiDaAnalizzare\jhotdraw\JHotDraw 7.4.1\JHotDraw 7.4.1\Source\jhotdraw7\src\main\java\org\jhotdraw\draw\AttributeKey.java">
        <package-decl name="org.jhotdraw.draw"/>
        <class name="AttributeKey" visibility="public">
            <constructor visibility="public" name="AttributeKey">
            </constructor>
            <constructor visibility="public" name="AttributeKey">
            </constructor>
            <constructor visibility="public" name="AttributeKey">
            </constructor>
            <constructor visibility="public" name="AttributeKey">
            </constructor>
            <method name="getKey" visibility="public">
            </method>
            <method name="getPresentationName" visibility="public">
            </method>
            <method name="getDefaultValue" visibility="public">
            </method>
            <method name="getClone" visibility="public">
            </method>
            <method name="get" visibility="public">
            </method>
            <method name="get" visibility="public">
            </method>
            <method name="set" visibility="public">
            </method>
            <method name="setUndoable" visibility="public">
                                <method name="getPresentationName" visibility="public">
                                </method>
                                <method name="undo" visibility="public">
                                </method>
                                <method name="redo" visibility="public">
                                </method>
            </method>
            <method name="setClone" visibility="public">
            </method>
            <method name="putClone" visibility="public">
            </method>
            <method name="put" visibility="public">
            </method>
            <method name="isNullValueAllowed" visibility="public">
            </method>
            <method name="isAssignable" visibility="public">
            </method>
            <method name="toString" visibility="public">
            </method>
            <method name="hashCode" visibility="public">
            </method>
            <method name="equals" visibility="public">
            </method>
        </class>
    </java-class-file>