
    <java-class-file name="D:\Experiments\Analisi di Sopravvivenza\Progetto16715\ProgettiDaAnalizzare\jhotdraw\JHotDraw 7.4.1\JHotDraw 7.4.1\Source\jhotdraw7\src\main\java\org\jhotdraw\draw\BezierFigure.java">
        <package-decl name="org.jhotdraw.draw"/>
        <class name="BezierFigure" visibility="public">
            <constructor visibility="public" name="BezierFigure">
            </constructor>
            <constructor visibility="public" name="BezierFigure">
            </constructor>
            <method name="findConnector" visibility="public">
            </method>
            <method name="findCompatibleConnector" visibility="public">
            </method>
            <method name="drawStroke" visibility="protected">
            </method>
            <method name="drawCaps" visibility="protected">
            </method>
            <method name="drawFill" visibility="protected">
            </method>
            <method name="contains" visibility="public">
            </method>
            <method name="createHandles" visibility="public">
            </method>
            <method name="getBounds" visibility="public">
            </method>
            <method name="getDrawingArea" visibility="public">
            </method>
            <method name="validate" visibility="protected">
            </method>
            <method name="getBezierPath" visibility="public">
            </method>
            <method name="setBezierPath" visibility="public">
            </method>
            <method name="getPointOnPath" visibility="public">
            </method>
            <method name="isClosed" visibility="public">
            </method>
            <method name="setClosed" visibility="public">
            </method>
            <method name="set" visibility="public">
            </method>
            <method name="setBounds" visibility="public">
            </method>
            <method name="transform" visibility="public">
            </method>
            <method name="invalidate" visibility="public">
            </method>
            <method name="getCappedPath" visibility="protected">
            </method>
            <method name="layout" visibility="public">
            </method>
            <method name="addNode" visibility="public">
            </method>
            <method name="addNode" visibility="public">
            </method>
            <method name="setNode" visibility="public">
            </method>
            <method name="getNode" visibility="public">
            </method>
            <method name="getPoint" visibility="public">
            </method>
            <method name="getPoint" visibility="public">
            </method>
            <method name="setPoint" visibility="public">
            </method>
            <method name="setPoint" visibility="public">
            </method>
            <method name="setStartPoint" visibility="public">
            </method>
            <method name="setEndPoint" visibility="public">
            </method>
            <method name="getStartPoint" visibility="public">
            </method>
            <method name="getEndPoint" visibility="public">
            </method>
            <method name="findNode" visibility="public">
            </method>
            <method name="findSegment" visibility="public">
            </method>
            <method name="joinSegments" visibility="public">
            </method>
            <method name="splitSegment" visibility="public">
            </method>
            <method name="removeNode" visibility="public">
            </method>
            <method name="removeAllNodes" visibility="protected">
            </method>
            <method name="getNodeCount" visibility="public">
            </method>
            <method name="clone" visibility="public">
            </method>
            <method name="restoreTransformTo" visibility="public">
            </method>
            <method name="getTransformRestoreData" visibility="public">
            </method>
            <method name="chop" visibility="public">
            </method>
            <method name="getCenter" visibility="public">
            </method>
            <method name="getOutermostPoint" visibility="public">
            </method>
            <method name="joinSegments" visibility="public">
            </method>
            <method name="splitSegment" visibility="public">
            </method>
            <method name="handleMouseClick" visibility="public">
                                                            <method name="getPresentationName" visibility="public">
                                                            </method>
                                                            <method name="redo" visibility="public">
                                                            </method>
                                                            <method name="undo" visibility="public">
                                                            </method>
            </method>
            <method name="write" visibility="public">
            </method>
            <method name="writePoints" visibility="protected">
            </method>
            <method name="read" visibility="public">
            </method>
            <method name="readPoints" visibility="protected">
            </method>
        </class>
    </java-class-file>