
    <java-class-file name="D:\Experiments\Analisi di Sopravvivenza\Progetto16715\ProgettiDaAnalizzare\jhotdraw\JHotDraw 7.4.1\JHotDraw 7.4.1\Source\jhotdraw7\src\main\java\org\jhotdraw\draw\CompositeFigure.java">
        <package-decl name="org.jhotdraw.draw"/>
            <method name="add" visibility="public">
            </method>
            <method name="add" visibility="public">
            </method>
            <method name="basicAdd" visibility="public">
            </method>
            <method name="basicAdd" visibility="public">
            </method>
            <method name="remove" visibility="public">
            </method>
            <method name="removeChild" visibility="public">
            </method>
            <method name="removeAllChildren" visibility="public">
            </method>
            <method name="basicRemove" visibility="public">
            </method>
            <method name="basicRemoveChild" visibility="public">
            </method>
            <method name="basicRemoveAllChildren" visibility="public">
            </method>
            <method name="getChildren" visibility="public">
            </method>
            <method name="getChildCount" visibility="public">
            </method>
            <method name="getChild" visibility="public">
            </method>
            <method name="indexOf" visibility="public">
            </method>
            <method name="contains" visibility="public">
            </method>
            <method name="getLayouter" visibility="public">
            </method>
            <method name="layout" visibility="public">
            </method>
            <method name="setLayouter" visibility="public">
            </method>
            <method name="addCompositeFigureListener" visibility="public">
            </method>
            <method name="removeCompositeFigureListener" visibility="public">
            </method>
    </java-class-file>