
    <java-class-file name="D:\Experiments\Analisi di Sopravvivenza\Progetto16715\ProgettiDaAnalizzare\jhotdraw\JHotDraw 7.4.1\JHotDraw 7.4.1\Source\jhotdraw7\src\main\java\org\jhotdraw\draw\ConnectionFigure.java">
        <package-decl name="org.jhotdraw.draw"/>
            <method name="setStartConnector" visibility="public">
            </method>
            <method name="getStartConnector" visibility="public">
            </method>
            <method name="setEndConnector" visibility="public">
            </method>
            <method name="getEndConnector" visibility="public">
            </method>
            <method name="updateConnection" visibility="public">
            </method>
            <method name="canConnect" visibility="public">
            </method>
            <method name="canConnect" visibility="public">
            </method>
            <method name="setStartPoint" visibility="public">
            </method>
            <method name="setEndPoint" visibility="public">
            </method>
            <method name="setPoint" visibility="public">
            </method>
            <method name="getNodeCount" visibility="public">
            </method>
            <method name="getPoint" visibility="public">
            </method>
            <method name="getNode" visibility="public">
            </method>
            <method name="setNode" visibility="public">
            </method>
            <method name="getStartPoint" visibility="public">
            </method>
            <method name="getEndPoint" visibility="public">
            </method>
            <method name="getStartFigure" visibility="public">
            </method>
            <method name="getEndFigure" visibility="public">
            </method>
            <method name="getLiner" visibility="public">
            </method>
            <method name="setLiner" visibility="public">
            </method>
            <method name="lineout" visibility="public">
            </method>
    </java-class-file>