
    <java-class-file name="D:\Experiments\Analisi di Sopravvivenza\Progetto16715\ProgettiDaAnalizzare\jhotdraw\JHotDraw 7.4.1\JHotDraw 7.4.1\Source\jhotdraw7\src\main\java\org\jhotdraw\draw\Constrainer.java">
        <package-decl name="org.jhotdraw.draw"/>
            <method name="constrainPoint" visibility="public">
            </method>
            <method name="translatePoint" visibility="public">
            </method>
            <method name="constrainRectangle" visibility="public">
            </method>
            <method name="translateRectangle" visibility="public">
            </method>
            <method name="constrainAngle" visibility="public">
            </method>
            <method name="rotateAngle" visibility="public">
            </method>
            <method name="draw" visibility="public">
            </method>
            <method name="addChangeListener" visibility="public">
            </method>
            <method name="removeChangeListener" visibility="public">
            </method>
    </java-class-file>