
    <java-class-file name="D:\Experiments\Analisi di Sopravvivenza\Progetto16715\ProgettiDaAnalizzare\jhotdraw\JHotDraw 7.4.1\JHotDraw 7.4.1\Source\jhotdraw7\src\main\java\org\jhotdraw\draw\DefaultDrawingViewBeanInfo.java">
        <package-decl name="org.jhotdraw.draw"/>
        <class name="DefaultDrawingViewBeanInfo" visibility="public">
            <method name="getBdescriptor" visibility="private" static="true">
            </method>
            <method name="getPdescriptor" visibility="private" static="true">
            </method>
            <method name="getEdescriptor" visibility="private" static="true">
            </method>
            <method name="getMdescriptor" visibility="private" static="true">
            </method>
            <method name="getBeanDescriptor" visibility="public">
            </method>
            <method name="getPropertyDescriptors" visibility="public">
            </method>
            <method name="getEventSetDescriptors" visibility="public">
            </method>
            <method name="getMethodDescriptors" visibility="public">
            </method>
            <method name="getDefaultPropertyIndex" visibility="public">
            </method>
            <method name="getDefaultEventIndex" visibility="public">
            </method>
            <method name="getIcon" visibility="public">
            </method>
        </class>
    </java-class-file>