
    <java-class-file name="D:\Experiments\Analisi di Sopravvivenza\Progetto16715\ProgettiDaAnalizzare\jhotdraw\JHotDraw 7.4.1\JHotDraw 7.4.1\Source\jhotdraw7\src\main\java\org\jhotdraw\draw\DefaultDrawingEditor.java">
        <package-decl name="org.jhotdraw.draw"/>
        <class name="DefaultDrawingEditor" visibility="public">
            <class name="ToolHandler" visibility="private">
                <method name="areaInvalidated" visibility="public">
                </method>
                <method name="toolStarted" visibility="public">
                </method>
                <method name="boundsInvalidated" visibility="public">
                </method>
            </class>
                        <method name="focusGained" visibility="public">
                        </method>
                        <method name="focusLost" visibility="public">
                        </method>
            <constructor visibility="public" name="DefaultDrawingEditor">
            </constructor>
            <method name="setTool" visibility="public">
            </method>
            <method name="setActiveView" visibility="public">
            </method>
            <method name="getTool" visibility="public">
            </method>
            <method name="getActiveView" visibility="public">
            </method>
            <method name="updateActiveView" visibility="private">
            </method>
            <method name="applyDefaultAttributesTo" visibility="public">
            </method>
            <method name="getDefaultAttribute" visibility="public">
            </method>
            <method name="setDefaultAttribute" visibility="public">
            </method>
            <method name="remove" visibility="public">
            </method>
            <method name="add" visibility="public">
            </method>
            <method name="setCursor" visibility="public">
            </method>
            <method name="getDrawingViews" visibility="public">
            </method>
            <method name="findView" visibility="public">
            </method>
            <method name="setEnabled" visibility="public">
            </method>
            <method name="isEnabled" visibility="public">
            </method>
            <method name="getDefaultAttributes" visibility="public">
            </method>
            <method name="setHandleAttribute" visibility="public">
            </method>
            <method name="getHandleAttribute" visibility="public">
            </method>
            <method name="setInputMap" visibility="public">
            </method>
            <method name="getInputMap" visibility="public">
            </method>
            <method name="setActionMap" visibility="public">
            </method>
            <method name="getActionMap" visibility="public">
            </method>
            <method name="createInputMap" visibility="protected">
            </method>
            <method name="createActionMap" visibility="protected">
            </method>
        </class>
    </java-class-file>