
    <java-class-file name="D:\Experiments\Analisi di Sopravvivenza\Progetto16715\ProgettiDaAnalizzare\jhotdraw\JHotDraw 7.4.1\JHotDraw 7.4.1\Source\jhotdraw7\src\main\java\org\jhotdraw\draw\DefaultDrawing.java">
        <package-decl name="org.jhotdraw.draw"/>
        <class name="DefaultDrawing" visibility="public">
            <constructor visibility="public" name="DefaultDrawing">
            </constructor>
            <method name="basicAdd" visibility="public">
            </method>
            <method name="draw" visibility="public">
            </method>
            <method name="draw" visibility="public">
            </method>
            <method name="sort" visibility="public">
            </method>
            <method name="findFigure" visibility="public">
            </method>
            <method name="findFigureExcept" visibility="public">
            </method>
            <method name="findFigureBehind" visibility="public">
            </method>
            <method name="findFigureBehind" visibility="public">
            </method>
            <method name="findFigureExcept" visibility="public">
            </method>
            <method name="findFigures" visibility="public">
            </method>
            <method name="findFiguresWithin" visibility="public">
            </method>
            <method name="findFigureInside" visibility="public">
            </method>
            <method name="getFiguresFrontToBack" visibility="public">
            </method>
            <method name="invalidateSortOrder" visibility="private">
            </method>
            <method name="ensureSorted" visibility="private">
            </method>
            <method name="setAttributeOnChildren" visibility="protected">
            </method>
            <method name="indexOf" visibility="public">
            </method>
            <method name="drawFill" visibility="protected">
            </method>
            <method name="drawStroke" visibility="protected">
            </method>
        </class>
    </java-class-file>