
    <java-class-file name="D:\Experiments\Analisi di Sopravvivenza\Progetto16715\ProgettiDaAnalizzare\jhotdraw\JHotDraw 7.4.1\JHotDraw 7.4.1\Source\jhotdraw7\src\main\java\org\jhotdraw\draw\DefaultDrawingViewTransferHandler.java">
        <package-decl name="org.jhotdraw.draw"/>
        <class name="DefaultDrawingViewTransferHandler" visibility="public">
            <constructor visibility="public" name="DefaultDrawingViewTransferHandler">
            </constructor>
            <method name="importData" visibility="public">
            </method>
            <method name="importData" visibility="public">
            </method>
            <method name="importData" visibility="protected">
                                                                                                                        <method name="getPresentationName" visibility="public">
                                                                                                                        </method>
                                                                                                                        <method name="undo" visibility="public">
                                                                                                                        </method>
                                                                                                                        <method name="redo" visibility="public">
                                                                                                                        </method>
                                                                                                                        <method name="getPresentationName" visibility="public">
                                                                                                                        </method>
                                                                                                                        <method name="undo" visibility="public">
                                                                                                                        </method>
                                                                                                                        <method name="redo" visibility="public">
                                                                                                                        </method>
                                                                                <method name="construct" visibility="public">
                                                                                </method>
                                                                                <method name="failed" visibility="public">
                                                                                </method>
                                                                                <method name="done" visibility="public">
                                                                                                                    <method name="getPresentationName" visibility="public">
                                                                                                                    </method>
                                                                                                                    <method name="undo" visibility="public">
                                                                                                                    </method>
                                                                                                                    <method name="redo" visibility="public">
                                                                                                                    </method>
                                                                                </method>
                                                                                <method name="finished" visibility="public">
                                                                                </method>
            </method>
            <method name="moveToDropPoint" visibility="protected">
            </method>
            <method name="getSourceActions" visibility="public">
            </method>
            <method name="createTransferable" visibility="protected">
            </method>
            <method name="createTransferable" visibility="protected">
            </method>
            <method name="exportDone" visibility="protected">
                                                        <method name="areaInvalidated" visibility="public">
                                                        </method>
                                                        <method name="figureAdded" visibility="public">
                                                        </method>
                                                        <method name="figureRemoved" visibility="public">
                                                        </method>
                                                            <method name="getPresentationName" visibility="public">
                                                            </method>
                                                            <method name="undo" visibility="public">
                                                            </method>
                                                            <method name="redo" visibility="public">
                                                            </method>
            </method>
            <method name="exportAsDrag" visibility="public">
            </method>
            <method name="getVisualRepresentation" visibility="public">
            </method>
            <method name="canImport" visibility="public">
            </method>
            <method name="getDrawing" visibility="private">
            </method>
            <class name="DragHandler" visibility="private" static="true">
                <constructor visibility="public" name="DragHandler">
                </constructor>
                <method name="dragGestureRecognized" visibility="public">
                </method>
                <method name="dragEnter" visibility="public">
                </method>
                <method name="dragOver" visibility="public">
                </method>
                <method name="dragExit" visibility="public">
                </method>
                <method name="dragDropEnd" visibility="public">
                </method>
                <method name="dropActionChanged" visibility="public">
                </method>
            </class>
            <class name="SwingDragGestureRecognizer" visibility="private" static="true">
                <constructor visibility="protected" name="SwingDragGestureRecognizer">
                </constructor>
                <method name="gestured" visibility="protected">
                </method>
                <method name="registerListeners" visibility="protected">
                </method>
                <method name="unregisterListeners" visibility="protected">
                </method>
            </class>
        </class>
    </java-class-file>