
    <java-class-file name="D:\Experiments\Analisi di Sopravvivenza\Progetto16715\ProgettiDaAnalizzare\jhotdraw\JHotDraw 7.4.1\JHotDraw 7.4.1\Source\jhotdraw7\src\main\java\org\jhotdraw\draw\DefaultDrawingView.java">
        <package-decl name="org.jhotdraw.draw"/>
        <class name="DefaultDrawingView" visibility="public">
                        <method name="figureHandlesChanged" visibility="public">
                        </method>
            <method name="repaintHandles" visibility="public">
            </method>
            <method name="drawBackground" visibility="protected">
            </method>
            <method name="isSelectionEmpty" visibility="public">
            </method>
            <class name="EventHandler" visibility="private">
                <method name="figureAdded" visibility="public">
                </method>
                <method name="figureRemoved" visibility="public">
                </method>
                <method name="areaInvalidated" visibility="public">
                </method>
                <method name="areaInvalidated" visibility="public">
                </method>
                <method name="handleRequestSecondaryHandles" visibility="public">
                </method>
                <method name="focusGained" visibility="public">
                </method>
                <method name="focusLost" visibility="public">
                </method>
                <method name="handleRequestRemove" visibility="public">
                </method>
                <method name="attributeChanged" visibility="public">
                </method>
                <method name="figureHandlesChanged" visibility="public">
                </method>
                <method name="figureChanged" visibility="public">
                </method>
                <method name="figureAdded" visibility="public">
                </method>
                <method name="figureRemoved" visibility="public">
                </method>
                <method name="figureRequestRemove" visibility="public">
                </method>
            </class>
            <constructor visibility="public" name="DefaultDrawingView">
            </constructor>
            <method name="setBackground" visibility="public">
            </method>
            <method name="createEventHandler" visibility="protected">
            </method>
            <method name="initComponents" visibility="private">
            </method>
            <method name="getDrawing" visibility="public">
            </method>
            <method name="getToolTipText" visibility="public">
            </method>
            <method name="setEmptyDrawingMessage" visibility="public">
            </method>
            <method name="getEmptyDrawingMessage" visibility="public">
            </method>
            <method name="paintComponent" visibility="public">
            </method>
            <method name="drawDrawingVolatileBuffered" visibility="protected">
            </method>
            <method name="drawDrawingNonvolatileBuffered" visibility="protected">
            </method>
            <method name="printComponent" visibility="public">
            </method>
            <method name="setViewRenderingHints" visibility="protected">
            </method>
            <method name="getCanvasViewBounds" visibility="protected">
            </method>
            <method name="drawCanvas" visibility="protected">
            </method>
            <method name="drawConstrainer" visibility="protected">
            </method>
            <method name="drawDrawing" visibility="protected">
            </method>
            <method name="drawHandles" visibility="protected">
            </method>
            <method name="drawTool" visibility="protected">
            </method>
            <method name="setDrawing" visibility="public">
                                        <method name="actionPerformed" visibility="public">
                                        </method>
            </method>
            <method name="paint" visibility="public">
            </method>
            <method name="repaintDrawingArea" visibility="protected">
            </method>
            <method name="invalidate" visibility="public">
            </method>
            <method name="removeNotify" visibility="public">
            </method>
            <method name="addToSelection" visibility="public">
            </method>
            <method name="addToSelection" visibility="public">
            </method>
            <method name="removeFromSelection" visibility="public">
            </method>
            <method name="toggleSelection" visibility="public">
            </method>
            <method name="setEnabled" visibility="public">
            </method>
            <method name="selectAll" visibility="public">
            </method>
            <method name="clearSelection" visibility="public">
            </method>
            <method name="isFigureSelected" visibility="public">
            </method>
            <method name="getSelectedFigures" visibility="public">
            </method>
            <method name="getSelectionCount" visibility="public">
            </method>
            <method name="getSelectionHandles" visibility="private">
            </method>
            <method name="getSecondaryHandles" visibility="private">
            </method>
            <method name="invalidateHandles" visibility="private">
            </method>
            <method name="validateHandles" visibility="private">
            </method>
            <method name="findHandle" visibility="public">
            </method>
            <method name="getCompatibleHandles" visibility="public">
            </method>
            <method name="findFigure" visibility="public">
            </method>
            <method name="findFigures" visibility="public">
            </method>
            <method name="findFiguresWithin" visibility="public">
            </method>
            <method name="addFigureSelectionListener" visibility="public">
            </method>
            <method name="removeFigureSelectionListener" visibility="public">
            </method>
            <method name="fireSelectionChanged" visibility="protected">
            </method>
            <method name="invalidateDimension" visibility="protected">
            </method>
            <method name="getConstrainer" visibility="public">
            </method>
            <method name="getPreferredSize" visibility="public">
            </method>
            <method name="getDrawingArea" visibility="protected">
            </method>
            <method name="setBounds" visibility="public">
            </method>
            <method name="validateViewTranslation" visibility="private">
            </method>
            <method name="drawingToView" visibility="public">
            </method>
            <method name="drawingToView" visibility="public">
            </method>
            <method name="viewToDrawing" visibility="public">
            </method>
            <method name="viewToDrawing" visibility="public">
            </method>
            <method name="getComponent" visibility="public">
            </method>
            <method name="getScaleFactor" visibility="public">
            </method>
            <method name="setScaleFactor" visibility="public">
            </method>
            <method name="fireViewTransformChanged" visibility="protected">
            </method>
            <method name="setHandleDetailLevel" visibility="public">
            </method>
            <method name="getHandleDetailLevel" visibility="public">
            </method>
            <method name="getDrawingToViewTransform" visibility="public">
            </method>
            <method name="delete" visibility="public">
                                    <method name="getPresentationName" visibility="public">
                                    </method>
                                    <method name="undo" visibility="public">
                                    </method>
                                    <method name="redo" visibility="public">
                                    </method>
            </method>
            <method name="duplicate" visibility="public">
                                    <method name="getPresentationName" visibility="public">
                                    </method>
                                    <method name="undo" visibility="public">
                                    </method>
                                    <method name="redo" visibility="public">
                                    </method>
            </method>
            <method name="removeNotify" visibility="public">
            </method>
            <method name="addNotify" visibility="public">
            </method>
            <method name="setVisibleConstrainer" visibility="public">
            </method>
            <method name="getVisibleConstrainer" visibility="public">
            </method>
            <method name="setInvisibleConstrainer" visibility="public">
            </method>
            <method name="getInvisibleConstrainer" visibility="public">
            </method>
            <method name="setConstrainerVisible" visibility="public">
            </method>
            <method name="isConstrainerVisible" visibility="public">
            </method>
            <method name="setDrawingDoubleBuffered" visibility="public">
            </method>
            <method name="isDrawingDoubleBuffered" visibility="public">
            </method>
            <method name="getBackgroundPaint" visibility="protected">
            </method>
            <method name="getEditor" visibility="public">
            </method>
            <method name="setActiveHandle" visibility="public">
            </method>
            <method name="getActiveHandle" visibility="public">
            </method>
        </class>
    </java-class-file>