
    <java-class-file name="D:\Experiments\Analisi di Sopravvivenza\Progetto16715\ProgettiDaAnalizzare\jhotdraw\JHotDraw 7.4.1\JHotDraw 7.4.1\Source\jhotdraw7\src\main\java\org\jhotdraw\draw\DrawingEditor.java">
        <package-decl name="org.jhotdraw.draw"/>
            <method name="add" visibility="protected">
            </method>
            <method name="remove" visibility="protected">
            </method>
            <method name="getDrawingViews" visibility="protected">
            </method>
            <method name="getActiveView" visibility="protected">
            </method>
            <method name="setActiveView" visibility="protected">
            </method>
            <method name="setTool" visibility="protected">
            </method>
            <method name="getTool" visibility="protected">
            </method>
            <method name="setCursor" visibility="protected">
            </method>
            <method name="findView" visibility="public">
            </method>
            <method name="setDefaultAttribute" visibility="public">
            </method>
            <method name="getDefaultAttribute" visibility="public">
            </method>
            <method name="applyDefaultAttributesTo" visibility="public">
            </method>
            <method name="getDefaultAttributes" visibility="public">
            </method>
            <method name="setHandleAttribute" visibility="public">
            </method>
            <method name="getHandleAttribute" visibility="public">
            </method>
            <method name="setInputMap" visibility="public">
            </method>
            <method name="getInputMap" visibility="public">
            </method>
            <method name="setActionMap" visibility="public">
            </method>
            <method name="getActionMap" visibility="public">
            </method>
            <method name="setEnabled" visibility="public">
            </method>
            <method name="isEnabled" visibility="public">
            </method>
            <method name="addPropertyChangeListener" visibility="public">
            </method>
            <method name="removePropertyChangeListener" visibility="public">
            </method>
    </java-class-file>