
    <java-class-file name="D:\Experiments\Analisi di Sopravvivenza\Progetto16715\ProgettiDaAnalizzare\jhotdraw\JHotDraw 7.4.1\JHotDraw 7.4.1\Source\jhotdraw7\src\main\java\org\jhotdraw\draw\Drawing.java">
        <package-decl name="org.jhotdraw.draw"/>
            <method name="add" visibility="protected">
            </method>
            <method name="add" visibility="protected">
            </method>
            <method name="addAll" visibility="protected">
            </method>
            <method name="addAll" visibility="protected">
            </method>
            <method name="remove" visibility="protected">
            </method>
            <method name="removeAll" visibility="protected">
            </method>
            <method name="basicRemove" visibility="protected">
            </method>
            <method name="basicRemoveAll" visibility="protected">
            </method>
            <method name="basicAdd" visibility="protected">
            </method>
            <method name="basicAdd" visibility="protected">
            </method>
            <method name="basicAddAll" visibility="protected">
            </method>
            <method name="findFigures" visibility="protected">
            </method>
            <method name="findFiguresWithin" visibility="protected">
            </method>
            <method name="findFigure" visibility="protected">
            </method>
            <method name="findFigureExcept" visibility="protected">
            </method>
            <method name="findFigureExcept" visibility="protected">
            </method>
            <method name="findFigureBehind" visibility="protected">
            </method>
            <method name="findFigureBehind" visibility="protected">
            </method>
            <method name="getFiguresFrontToBack" visibility="protected">
            </method>
            <method name="findFigureInside" visibility="protected">
            </method>
            <method name="sendToBack" visibility="protected">
            </method>
            <method name="bringToFront" visibility="protected">
            </method>
            <method name="sort" visibility="protected">
            </method>
            <method name="addUndoableEditListener" visibility="protected">
            </method>
            <method name="removeUndoableEditListener" visibility="protected">
            </method>
            <method name="fireUndoableEditHappened" visibility="protected">
            </method>
            <method name="getFontRenderContext" visibility="protected">
            </method>
            <method name="setFontRenderContext" visibility="protected">
            </method>
            <method name="getLock" visibility="protected">
            </method>
            <method name="addInputFormat" visibility="protected">
            </method>
            <method name="addOutputFormat" visibility="protected">
            </method>
            <method name="setInputFormats" visibility="protected">
            </method>
            <method name="getInputFormats" visibility="protected">
            </method>
            <method name="setOutputFormats" visibility="protected">
            </method>
            <method name="getOutputFormats" visibility="protected">
            </method>
    </java-class-file>