
    <java-class-file name="D:\Experiments\Analisi di Sopravvivenza\Progetto16715\ProgettiDaAnalizzare\jhotdraw\JHotDraw 7.4.1\JHotDraw 7.4.1\Source\jhotdraw7\src\main\java\org\jhotdraw\draw\DrawingView.java">
        <package-decl name="org.jhotdraw.draw"/>
            <method name="getDrawing" visibility="public">
            </method>
            <method name="setDrawing" visibility="public">
            </method>
            <method name="setCursor" visibility="public">
            </method>
            <method name="isFigureSelected" visibility="public">
            </method>
            <method name="addToSelection" visibility="public">
            </method>
            <method name="addToSelection" visibility="public">
            </method>
            <method name="removeFromSelection" visibility="public">
            </method>
            <method name="toggleSelection" visibility="public">
            </method>
            <method name="clearSelection" visibility="public">
            </method>
            <method name="selectAll" visibility="public">
            </method>
            <method name="getSelectedFigures" visibility="public">
            </method>
            <method name="getSelectionCount" visibility="public">
            </method>
            <method name="findHandle" visibility="public">
            </method>
            <method name="getCompatibleHandles" visibility="public">
            </method>
            <method name="setActiveHandle" visibility="public">
            </method>
            <method name="getActiveHandle" visibility="public">
            </method>
            <method name="findFigure" visibility="public">
            </method>
            <method name="findFigures" visibility="public">
            </method>
            <method name="findFiguresWithin" visibility="public">
            </method>
            <method name="addNotify" visibility="public">
            </method>
            <method name="removeNotify" visibility="public">
            </method>
            <method name="getEditor" visibility="public">
            </method>
            <method name="addFigureSelectionListener" visibility="public">
            </method>
            <method name="removeFigureSelectionListener" visibility="public">
            </method>
            <method name="requestFocus" visibility="public">
            </method>
            <method name="drawingToView" visibility="public">
            </method>
            <method name="viewToDrawing" visibility="public">
            </method>
            <method name="drawingToView" visibility="public">
            </method>
            <method name="viewToDrawing" visibility="public">
            </method>
            <method name="getConstrainer" visibility="public">
            </method>
            <method name="setVisibleConstrainer" visibility="public">
            </method>
            <method name="getVisibleConstrainer" visibility="public">
            </method>
            <method name="setInvisibleConstrainer" visibility="public">
            </method>
            <method name="getInvisibleConstrainer" visibility="public">
            </method>
            <method name="setConstrainerVisible" visibility="public">
            </method>
            <method name="isConstrainerVisible" visibility="public">
            </method>
            <method name="getComponent" visibility="public">
            </method>
            <method name="getDrawingToViewTransform" visibility="public">
            </method>
            <method name="getScaleFactor" visibility="public">
            </method>
            <method name="setScaleFactor" visibility="public">
            </method>
            <method name="setHandleDetailLevel" visibility="public">
            </method>
            <method name="getHandleDetailLevel" visibility="public">
            </method>
            <method name="setEnabled" visibility="public">
            </method>
            <method name="isEnabled" visibility="public">
            </method>
            <method name="repaintHandles" visibility="public">
            </method>
            <method name="addPropertyChangeListener" visibility="public">
            </method>
            <method name="removePropertyChangeListener" visibility="public">
            </method>
            <method name="addMouseListener" visibility="public">
            </method>
            <method name="removeMouseListener" visibility="public">
            </method>
            <method name="addKeyListener" visibility="public">
            </method>
            <method name="removeKeyListener" visibility="public">
            </method>
            <method name="addMouseMotionListener" visibility="public">
            </method>
            <method name="removeMouseMotionListener" visibility="public">
            </method>
    </java-class-file>