
    <java-class-file name="D:\Experiments\Analisi di Sopravvivenza\Progetto16715\ProgettiDaAnalizzare\jhotdraw\JHotDraw 7.4.1\JHotDraw 7.4.1\Source\jhotdraw7\src\main\java\org\jhotdraw\draw\EllipseFigure.java">
        <package-decl name="org.jhotdraw.draw"/>
        <class name="EllipseFigure" visibility="public">
            <constructor visibility="public" name="EllipseFigure">
            </constructor>
            <constructor visibility="public" name="EllipseFigure">
            </constructor>
            <method name="findConnector" visibility="public">
            </method>
            <method name="findCompatibleConnector" visibility="public">
            </method>
            <method name="getBounds" visibility="public">
            </method>
            <method name="getDrawingArea" visibility="public">
            </method>
            <method name="drawFill" visibility="protected">
            </method>
            <method name="drawStroke" visibility="protected">
            </method>
            <method name="contains" visibility="public">
            </method>
            <method name="setBounds" visibility="public">
            </method>
            <method name="transform" visibility="public">
            </method>
            <method name="clone" visibility="public">
            </method>
            <method name="restoreTransformTo" visibility="public">
            </method>
            <method name="getTransformRestoreData" visibility="public">
            </method>
        </class>
    </java-class-file>