
    <java-class-file name="D:\Experiments\Analisi di Sopravvivenza\Progetto16715\ProgettiDaAnalizzare\jhotdraw\JHotDraw 7.4.1\JHotDraw 7.4.1\Source\jhotdraw7\src\main\java\org\jhotdraw\draw\Figure.java">
        <package-decl name="org.jhotdraw.draw"/>
            <method name="draw" visibility="public">
            </method>
            <method name="getLayer" visibility="public">
            </method>
            <method name="isVisible" visibility="public">
            </method>
            <method name="setBounds" visibility="public">
            </method>
            <method name="getStartPoint" visibility="public">
            </method>
            <method name="getEndPoint" visibility="public">
            </method>
            <method name="getBounds" visibility="public">
            </method>
            <method name="getDrawingArea" visibility="public">
            </method>
            <method name="getPreferredSize" visibility="public">
            </method>
            <method name="contains" visibility="protected">
            </method>
            <method name="getTransformRestoreData" visibility="public">
            </method>
            <method name="restoreTransformTo" visibility="public">
            </method>
            <method name="transform" visibility="public">
            </method>
            <method name="set" visibility="public">
            </method>
            <method name="get" visibility="public">
            </method>
            <method name="getAttributes" visibility="public">
            </method>
            <method name="getAttributesRestoreData" visibility="public">
            </method>
            <method name="restoreAttributesTo" visibility="public">
            </method>
            <method name="isSelectable" visibility="public">
            </method>
            <method name="isRemovable" visibility="public">
            </method>
            <method name="isTransformable" visibility="public">
            </method>
            <method name="createHandles" visibility="public">
            </method>
            <method name="getCursor" visibility="public">
            </method>
            <method name="getActions" visibility="public">
            </method>
            <method name="getTool" visibility="public">
            </method>
            <method name="getToolTipText" visibility="public">
            </method>
            <method name="isConnectable" visibility="public">
            </method>
            <method name="findConnector" visibility="public">
            </method>
            <method name="findCompatibleConnector" visibility="public">
            </method>
            <method name="getConnectors" visibility="public">
            </method>
            <method name="includes" visibility="public">
            </method>
            <method name="findFigureInside" visibility="public">
            </method>
            <method name="getDecomposition" visibility="public">
            </method>
            <method name="clone" visibility="public">
            </method>
            <method name="remap" visibility="public">
            </method>
            <method name="addNotify" visibility="public">
            </method>
            <method name="removeNotify" visibility="public">
            </method>
            <method name="willChange" visibility="public">
            </method>
            <method name="changed" visibility="public">
            </method>
            <method name="requestRemove" visibility="public">
            </method>
            <method name="handleDrop" visibility="public">
            </method>
            <method name="handleMouseClick" visibility="public">
            </method>
            <method name="addFigureListener" visibility="public">
            </method>
            <method name="removeFigureListener" visibility="public">
            </method>
            <method name="addPropertyChangeListener" visibility="public">
            </method>
            <method name="removePropertyChangeListener" visibility="public">
            </method>
    </java-class-file>