
    <java-class-file name="D:\Experiments\Analisi di Sopravvivenza\Progetto16715\ProgettiDaAnalizzare\jhotdraw\JHotDraw 7.4.1\JHotDraw 7.4.1\Source\jhotdraw7\src\main\java\org\jhotdraw\draw\GridConstrainer.java">
        <package-decl name="org.jhotdraw.draw"/>
        <class name="GridConstrainer" visibility="public">
            <constructor visibility="public" name="GridConstrainer">
            </constructor>
            <constructor visibility="public" name="GridConstrainer">
            </constructor>
            <constructor visibility="public" name="GridConstrainer">
            </constructor>
            <constructor visibility="public" name="GridConstrainer">
            </constructor>
            <method name="getWidth" visibility="public">
            </method>
            <method name="getHeight" visibility="public">
            </method>
            <method name="getTheta" visibility="public">
            </method>
            <method name="setWidth" visibility="public">
            </method>
            <method name="setHeight" visibility="public">
            </method>
            <method name="setTheta" visibility="public">
            </method>
            <method name="constrainPoint" visibility="public">
            </method>
            <method name="constrainPoint" visibility="protected">
            </method>
            <method name="translatePoint" visibility="public">
            </method>
            <method name="constrainRectangle" visibility="public">
            </method>
            <method name="constrainRectangle" visibility="protected">
            </method>
            <method name="translateRectangle" visibility="public">
            </method>
            <method name="toString" visibility="public">
            </method>
            <method name="isVisible" visibility="public">
            </method>
            <method name="setVisible" visibility="public">
            </method>
            <method name="getMajorGridSpacing" visibility="public">
            </method>
            <method name="setMajorGridSpacing" visibility="public">
            </method>
            <method name="draw" visibility="public">
            </method>
            <method name="constrainAngle" visibility="public">
            </method>
            <method name="rotateAngle" visibility="public">
            </method>
        </class>
    </java-class-file>