
    <java-class-file name="D:\Experiments\Analisi di Sopravvivenza\Progetto16715\ProgettiDaAnalizzare\jhotdraw\JHotDraw 7.4.1\JHotDraw 7.4.1\Source\jhotdraw7\src\main\java\org\jhotdraw\draw\ImageFigure.java">
        <package-decl name="org.jhotdraw.draw"/>
        <class name="ImageFigure" visibility="public">
            <constructor visibility="public" name="ImageFigure">
            </constructor>
            <constructor visibility="public" name="ImageFigure">
            </constructor>
            <method name="drawFigure" visibility="protected">
            </method>
            <method name="drawFill" visibility="protected">
            </method>
            <method name="drawImage" visibility="protected">
            </method>
            <method name="drawStroke" visibility="protected">
            </method>
            <method name="getBounds" visibility="public">
            </method>
            <method name="getFigureDrawingArea" visibility="public">
            </method>
            <method name="figureContains" visibility="public">
            </method>
            <method name="setBounds" visibility="public">
            </method>
            <method name="transform" visibility="public">
            </method>
            <method name="restoreTransformTo" visibility="public">
            </method>
            <method name="getTransformRestoreData" visibility="public">
            </method>
            <method name="getActions" visibility="public">
            </method>
            <method name="findConnector" visibility="public">
            </method>
            <method name="findCompatibleConnector" visibility="public">
            </method>
            <method name="clone" visibility="public">
            </method>
            <method name="read" visibility="public">
            </method>
            <method name="write" visibility="public">
            </method>
            <method name="setImage" visibility="public">
            </method>
            <method name="setImageData" visibility="public">
            </method>
            <method name="setBufferedImage" visibility="public">
            </method>
            <method name="getBufferedImage" visibility="public">
            </method>
            <method name="getImageData" visibility="public">
            </method>
            <method name="loadImage" visibility="public">
            </method>
            <method name="loadImage" visibility="public">
            </method>
            <method name="writeObject" visibility="private">
            </method>
        </class>
    </java-class-file>